选项,指标,20250930,20250630,20250331,20241231,20240930,20240630,20240331,20231231,20230930,20230630,20230331,20221231,20220930,20220630,20220331,20211231,20210930,20210630,20210331,20201231,20200930,20200630,20200331,20191231,20190930,20190630,20190331,20181231,20180930,20180630,20180331,20171231,20170930,20170630,20170331,20161231,20160930,20160630,20160331,20151231,20150930,20150630,20150331,20141231,20140930,20140630,20140331,20131231,20130930,20130630,20130331,20121231,20120930,20120630,20120331,20111231,20110930,20110630,20110331,20101231,20100930,20100630,20100331,20091231,20090930,20090630,20090331,20081231,20080930,20080630,20080331,20071231,20070930,20070630,20070331,20061231,20051231,20041231
常用指标,归母净利润,395692157.5,313171861.89,208508839.24,542253110.31,394250644.85,333081627.17,229695068.18,749359365.22,552264637.06,436802344.05,279299453.25,801874643.07,525734725.13,431133121.61,260950214.35,640837397.98,385578099.67,277975814.74,175890672.32,767902011.08,570589506.8,452375750.21,257581593.61,220021103.27,116591626.69,88768242.22,40176090.27,101902173.25,89505419.3,82188517.1,28249255.19,72019165.77,79906148.3,72844084.37,26547186.95,39472310.59,68185926.37,62432747.92,19032585.45,34902921.93,67133725.87,61578883.4,26508853.23,80856947.06,70914826.05,66487818.95,28808341.01,118131168.96,100563109.36,110388523.79,54481799.22,139944162.54,91715635.96,85213352.67,40460666.88,137809572.16,90391444.8,84142196.37,50609543.68,123454955.26,65253218.81,54702516.06,36564726.14,93257004.84,54534245.59,48105711.07,30703621.77,79568210.35,52662345.48,46661190.94,25856421.84,71722416.08,45286519.84,39600959.43,18086759.25,67870651.82,56728841.04,8108680.99
常用指标,营业总收入,5000039406.26,3567818090.23,2218133561.43,6632459699.95,5124963675.4,3665419040.43,2253743794.58,7055930166.63,5414927784.42,3854598182.67,2372685088.36,7434297659.46,5335070873.15,3820579502.72,2342503897.74,6943439865.01,5079705991.98,3638672849.45,2331140066.94,6926082823.06,5204169149.4,3729654456.66,2216612020.07,5985722254.07,4209989927.72,3042129152.67,1908623029.08,5539316059.52,4192099258.88,3077510999.88,1817124671.9,5255871627.52,3885292636.72,2840423106.99,1687966407.75,4781012224.26,3486307045.23,2529705802.29,1485911118.96,4237398972.24,3107131868.74,2297538551.15,1412647006.57,4094370562.23,2970223499.89,2219265962.13,1379675554.48,3603329339.62,2448287980.63,1847687781.78,1110707439.09,2680571887.95,1934852043.61,1460285359.28,890144696.57,2626480863.71,1880698732.06,1411968917.67,824442850.56,1923389425.05,1335609385.61,998597897.57,598496220.59,1444540455.56,1064909153.13,798735824.65,491388413.56,1382764377.63,1009265496.06,752900878.96,418383831.11,1249290596.0,899043225.79,643585647.66,295747892.25,925849572.55,671215790.8,579647246.89
常用指标,营业成本,4692424284.81,3306226779.31,2000569128.1,6168854498.02,4749178143.53,3321008237.66,1998206810.74,6288113756.07,4832839773.56,3385508778.85,2072206618.95,6546028936.45,4777486569.92,3341316069.93,2026502244.79,6258648193.79,4683308071.76,3301825301.65,2118651558.81,6190118902.68,4715874822.53,3331658658.88,2018053360.96,5776478568.16,4123350829.79,2961950540.33,1862375766.41,5422059903.51,4090374905.63,2971301029.68,1782972996.81,5221639956.1,3809226202.41,2753480093.24,1650583137.45,4777132966.57,3433241740.9,2479154344.81,1469536851.36,4333699041.18,3091645056.44,2241705693.51,1381546179.51,4107944921.62,2904201169.81,2155463239.24,1350767384.5,3484687229.73,2336859446.46,1717866529.16,1037874795.3,2558317502.91,1843947486.63,1361847841.74,841382679.89,2505158305.01,1794697662.76,1328348274.02,764244612.88,1818849662.12,1280405794.54,948271510.86,561305384.53,1362335401.7,1014396219.85,751809255.79,459461653.37,1321218518.06,966330239.53,707623186.88,391361426.73,1203614488.23,871591183.35,615733586.45,292625844.65,863170745.54,610483263.62,573593773.11
常用指标,净利润,395904704.21,313375327.34,208508783.0,542499658.56,394341927.78,333172921.14,229694980.35,749654175.04,552404733.45,436918429.82,279461018.4,802172083.77,525803612.66,431126177.84,260911681.62,639942313.1,384824300.6,277587353.61,175750908.92,767687663.33,570462297.34,452299020.29,257422453.61,219150711.82,116532367.67,88785961.5,40210391.18,101493889.03,89525821.57,82230282.97,28258517.19,72103157.69,79972700.4,72911669.77,26605628.71,39466627.79,68176767.38,62436534.56,19028934.15,34902663.65,67123771.93,61582344.86,26504492.64,80854304.49,70901572.09,66492300.5,28804527.25,118142845.62,100551364.98,110394628.69,54479441.85,136497453.98,91149804.26,85889021.66,39525307.96,134468606.64,89939305.38,84887189.54,52273420.27,122934581.47,64620411.5,57035061.78,37465324.89,88552637.73,54328272.1,48052547.88,31182493.09,77965030.76,50861613.46,46063712.84,25597074.77,71308481.96,45414283.99,40518160.66,17898407.87,69014319.47,60751974.24,10075320.89
常用指标,扣非净利润,271217481.51,224099817.62,164101968.55,414669504.94,312641665.55,268740006.24,197411462.35,645877762.04,484170924.2,381726252.71,240859776.6,708358765.37,445268119.13,360536842.14,240229992.36,550931739.48,309474351.52,253893485.35,171694674.99,570545246.89,396863092.73,314201552.19,155576133.01,194670280.86,86652616.93,74422414.9,36227737.23,68998070.31,73793525.35,68680817.33,25304898.24,43157568.74,55745219.89,57128208.97,23938886.1,16804228.98,45238065.51,41330677.11,7715445.17,-16030042.67,23081994.49,53244651.76,25029684.99,66665375.78,66411874.79,63000545.68,27243188.61,108987519.73,94072707.51,108078628.93,53568959.19,137169531.63,91140713.3,84637926.83,39055265.65,131963003.89,89472622.65,83392185.27,50459026.33,124568294.69,63740583.44,56086621.38,36958258.34,89867499.01,54122641.98,47076966.4,30902197.93,82346561.93,51781028.44,45146169.72,26107058.01,68013535.7,,38933122.85,,67557149.56,57369803.45,8414350.07
常用指标,股东权益合计(净资产),4528909272.99,4449163389.16,4621773069.95,4413264286.95,4289568896.46,4228804231.6,4570766186.99,4341071206.64,4131436073.4,4013347633.8,4165024605.51,3881077750.41,3596037437.67,3497344702.62,3498690782.3,3233237878.1,3025491402.71,2901692667.14,3204353382.46,2992967868.82,2751185417.25,2633021995.88,2486099123.22,2228675613.34,2136238004.2,2105376910.55,2080594997.34,2062369414.26,2086441334.41,2075829177.38,2036156735.65,2003591126.52,2010139190.78,1995266834.19,1949446315.16,1915326665.89,1943897582.57,1937852785.26,1904124145.95,1885095211.8,1917728221.59,1911689909.7,1887681550.8,1861177058.16,1848513385.91,1844104114.32,1826521779.37,1797717252.12,1780125771.48,1789969035.19,1734053848.35,1719785283.1,1674663860.2,1669403077.6,1643578576.39,1604053268.43,1559085886.73,1071053174.39,1074711254.47,1022437834.2,964123664.23,956538314.51,974368577.62,936903252.73,902678887.1,896403162.88,898233108.09,867050615.0,844364745.57,839081742.08,818451330.09,304376129.24,,277086980.92,,228536055.11,159086948.18,100680227.48
常用指标,商誉,15508178.31,15508178.31,15508178.31,15508178.31,15508178.31,15508178.31,15508178.31,15508178.31,15508178.31,15508178.31,15508178.31,15508178.31,16059125.24,16059125.24,16059125.24,16059125.24,16059125.24,16059125.24,16059125.24,16059125.24,16059125.24,16059125.24,16059125.24,16059125.24,20822825.24,20822825.24,20822825.24,20822825.24,20822825.24,20822825.24,20822825.24,20822825.24,20822825.24,20822825.24,20822825.24,20822825.24,20853125.32,20853125.32,20853125.32,20853125.32,20853125.32,20853125.32,20853125.32,20853125.32,20853125.32,20853125.32,20853125.32,20853125.32,1002713.99,1002713.99,1002713.99,1002713.99,1002713.99,1002713.99,1002713.99,1002713.99,138353.25,138353.25,138353.25,138353.25,138353.25,138353.25,138353.25,138353.25,138353.25,138353.25,138353.25,138353.25,138353.25,138353.25,138353.25,138353.25,,,,30300.08,,
常用指标,经营现金流量净额,52642796.77,-190828461.29,-249350651.32,1144433782.02,733965688.7,316572740.24,167352520.73,364793782.66,33126072.19,-180686013.29,-272718217.28,1384752431.43,751142264.04,213526983.28,120120837.51,962653297.23,424813054.1,53146482.98,-81257767.01,1267488352.4,958308953.65,675765131.27,215743541.42,391390357.6,-180751540.01,-315238059.56,-269761888.47,489112667.2,101275168.45,-54330019.72,-128674113.46,358781117.44,156772440.2,85357803.55,-16837913.9,336595749.5,222757575.08,17725817.47,-47755772.8,52061258.39,-113491435.46,-252988539.51,-180131530.28,142968002.08,54525842.86,-62549083.26,-188632833.94,161092541.9,179652465.49,36548691.94,-60259513.62,302554323.22,224336450.58,3049560.92,-111990049.66,101444405.77,113828980.04,71019334.82,-75500647.26,208810736.35,176695471.44,67232348.58,25848448.43,287655772.43,120213279.99,75527305.04,-19326337.86,150235732.62,105182084.52,50757043.37,37833847.88,75052237.83,64762659.85,55787875.81,32889515.56,21379866.94,88666786.49,4467711.93
常用指标,基本每股收益,0.45,0.36,0.24,0.62,0.45,0.38,0.26,0.85,0.63,0.5,0.32,0.91,0.6,0.49,0.3,0.73,0.46,0.34,0.2,0.87,0.71,0.56,0.32,0.27,0.15,0.11,0.03,0.13,0.11,0.1,0.03,0.09,0.1,0.09,0.03,0.05,0.08,0.08,0.02,0.04,0.08,0.08,0.03,0.1,0.09,0.08,0.07,0.29,0.25,0.27,0.14,0.35,0.23,0.21,0.2,0.72,0.48,0.45,0.27,0.66,0.35,0.29,0.2,0.4987,0.29,0.26,0.33,0.46,0.6,0.54,0.3,1.02,,0.57,,0.97,0.8104,0.12
常用指标,每股净资产,5.149529,5.05879,5.25537,5.018208,4.877612,4.808497,5.197463,4.936203,4.698313,4.564024,4.736492,4.413088,4.09001,3.977841,3.979406,3.677433,3.442451,3.301233,4.009722,3.745072,3.442454,3.29455,3.110831,2.788555,2.66327,2.626144,2.570058,2.54759,2.568019,2.55493,2.499,2.458938,2.459258,2.442638,2.386406,2.344597,2.410635,2.403103,2.361172,2.337506,2.378096,2.370571,4.681455,4.615531,4.584064,4.573054,4.52935,4.457707,4.414017,4.438452,8.598836,8.527855,8.317356,8.285015,8.164582,7.977447,7.768255,5.735892,5.811167,5.540528,5.129145,5.089297,5.188073,4.989677,4.806598,4.772221,9.558323,9.363282,8.985143,8.873713,8.64945,4.205558,,3.761602,,3.180952,2.222021,1.406077
常用指标,每股现金流,0.059876,-0.217051,-0.283615,1.301699,0.834825,0.360075,0.190349,0.414923,0.037678,-0.205515,-0.310194,1.575042,0.854362,0.242869,0.136627,1.094939,0.48319,0.060449,-0.101666,1.58583,1.198997,0.84549,0.269929,0.489691,-0.225427,-0.393155,-0.333177,0.604092,0.122107,-0.069423,-0.158338,0.432127,0.192305,0.104774,-0.020668,0.413162,0.276986,0.022041,-0.059381,0.064735,-0.14112,-0.314577,-0.447967,0.355545,0.135599,-0.155552,-0.469108,0.400619,0.446775,0.090892,-0.299717,1.504838,1.115799,0.015167,-0.557013,0.504562,0.56616,0.379782,-0.403746,1.116634,0.944895,0.359531,0.138226,1.538266,0.642851,0.403889,-0.206698,1.606799,1.124942,0.542856,0.40464,1.072174,,0.796969,,0.305426,1.266668,0.063824
常用指标,净资产收益率(ROE),8.76,6.86,4.62,12.48,9.09,7.52,5.16,18.37,13.73,10.79,6.94,22.65,15.36,12.6,7.75,21.12,12.63,8.94,5.71,29.39,22.89,18.49,10.93,10.2,5.58,4.26,1.94,4.99,4.39,4.04,1.4,3.69,4.09,3.74,1.38,2.06,3.57,3.27,1.01,1.87,3.57,3.27,1.42,4.44,3.9,3.65,1.59,6.78,5.79,6.31,3.13,8.43,5.6,5.19,2.49,11.09,8.08,7.8,4.77,12.43,6.67,5.6,3.78,10.22,,5.42,,10.53,,7.25,,27.74,,16.26,,36.02,44.67,8.6
常用指标,总资产报酬率(ROA),6.510045,5.438207,3.510441,8.868348,7.013196,6.223623,4.068444,12.825159,9.958646,8.073001,4.996115,14.614475,10.196455,8.938446,5.017983,12.960711,8.60163,6.539278,3.813438,17.266596,13.217299,10.334093,5.592462,5.103999,2.953715,2.330367,0.945309,3.028446,3.011312,2.963771,1.044032,2.491515,2.937222,2.957864,1.20072,1.759713,2.525764,2.398058,0.853016,0.135148,2.278357,2.155415,0.950202,1.101296,2.596963,2.503855,0.908432,4.854005,4.205883,4.805064,2.476872,5.362826,3.90523,3.833622,1.87811,6.70144,4.509908,5.204129,3.141227,7.981153,4.645414,4.547794,2.701698,6.344609,4.227025,4.05181,2.575151,7.482957,5.541209,5.115569,2.660839,9.178774,,6.585857,,11.088021,11.42479,3.448638
常用指标,毛利率,23.766746,24.33871,25.324585,24.2215,25.028816,25.935171,26.600827,25.835245,26.767605,27.661547,28.281588,28.065459,28.56171,29.881281,31.029456,27.169828,26.122298,26.831744,28.65428,29.865476,36.731933,38.179859,37.03187,35.173447,32.678573,33.209366,34.176719,35.520541,34.200626,34.83362,33.897496,33.924554,34.527851,35.333666,34.472443,35.136709,34.428994,35.133795,33.830724,32.931477,33.827635,34.709165,33.42,34.580452,34.460543,35.246353,32.092148,34.916872,35.989574,37.061246,33.87,33.598566,35.729078,36.216252,31.930431,31.924474,34.294238,35.181743,33.631724,33.437194,35.762942,36.460008,35.186543,35.715765,36.304555,36.953208,36.939722,38.079199,36.605046,36.045911,36.898029,35.937711,35.84193,35.647183,37.241736,37.070983,34.835961,24.87882
常用指标,销售净利率,7.918031,8.783388,9.40019,8.179464,7.694531,9.089627,10.191707,10.624455,10.201516,11.334992,11.778259,10.777121,9.855606,11.284313,11.138153,9.216502,7.575719,7.628807,7.539268,11.084009,10.96164,12.127102,11.613329,3.661224,2.767996,2.918546,2.106774,1.832245,2.135584,2.671973,1.555122,1.371859,2.058344,2.566929,1.576194,0.825486,1.955558,2.468134,1.280623,0.823681,2.160312,2.680361,1.876228,1.974767,2.387078,2.996139,2.087775,3.278713,4.107007,5.974744,4.904931,5.092101,4.710944,5.88166,4.440323,5.119725,4.782228,6.011972,6.340454,6.391559,4.838271,5.711514,6.25991,6.130159,5.101681,6.016075,6.345793,5.638345,5.039468,6.118164,6.118084,5.707917,5.051401,6.29569,6.051913,7.454161,9.051034,1.738181
常用指标,期间费用率,16.725366,16.037719,14.599859,16.371016,16.756041,15.573257,14.312147,14.051136,15.041456,14.562061,14.757635,15.275682,17.231177,16.448942,16.773521,16.468661,17.434647,16.646545,18.690196,18.403639,26.459705,26.621067,27.147655,30.858844,29.725604,29.705358,30.832283,32.327614,30.603137,30.232932,30.768022,31.812402,31.180475,30.861243,30.71655,33.858162,31.761183,31.947917,31.56425,34.09389,32.106253,31.014641,30.124721,33.733974,30.936167,30.997527,29.064407,30.727197,30.659093,29.230281,26.577136,28.041773,30.086677,28.499195,25.590384,26.423081,28.807756,28.383386,25.595641,27.608203,31.170006,31.05494,28.530219,29.2868,30.972887,30.567424,29.912403,32.95929,32.071511,29.800108,29.996171,31.954318,32.447964,30.959624,35.729607,29.719196,25.332175,23.173889
常用指标,资产负债率,40.161154,34.25281,37.856029,45.796853,40.276556,34.623041,35.68122,42.28383,40.496518,38.681114,39.574488,48.471803,47.233127,41.076212,44.486339,50.885037,46.674968,45.503981,45.03075,50.085957,51.578272,54.020147,55.486806,57.815958,47.453335,47.063489,50.919853,55.260079,46.792099,42.655748,48.680621,54.072049,46.226078,43.24914,46.596241,53.870721,43.654331,41.433651,46.348012,50.926508,38.004033,37.677109,44.431168,47.391391,38.608371,37.956913,43.79341,51.528807,44.664431,36.9866,39.052345,44.956042,32.617365,28.449816,32.437699,42.185886,35.045888,39.073279,41.666526,46.358012,42.864255,36.597669,38.870383,41.871049,36.633646,34.214654,35.925371,41.49369,32.712113,35.349012,46.531412,71.420294,,67.866881,,72.583149,74.622137,83.344584
每股指标,基本每股收益,0.45,0.36,0.24,0.62,0.45,0.38,0.26,0.85,0.63,0.5,0.32,0.91,0.6,0.49,0.3,0.73,0.46,0.34,0.2,0.87,0.71,0.56,0.32,0.27,0.15,0.11,0.03,0.13,0.11,0.1,0.03,0.09,0.1,0.09,0.03,0.05,0.08,0.08,0.02,0.04,0.08,0.08,0.03,0.1,0.09,0.08,0.07,0.29,0.25,0.27,0.14,0.35,0.23,0.21,0.2,0.72,0.48,0.45,0.27,0.66,0.35,0.29,0.2,0.4987,0.29,0.26,0.33,0.46,0.6,0.54,0.3,1.02,,0.57,,0.97,0.8104,0.12
每股指标,稀释每股收益,0.45,0.36,0.24,0.62,0.45,0.38,0.26,0.85,0.63,0.5,0.32,0.91,0.6,0.49,0.3,0.73,0.46,0.34,0.2,0.87,0.71,0.56,0.32,0.27,0.15,0.11,0.03,0.13,0.11,0.1,0.03,0.09,0.1,0.09,0.03,0.05,0.08,0.08,0.02,0.04,0.08,0.08,0.03,0.1,0.09,0.08,0.07,0.29,0.25,0.27,0.14,0.35,0.23,0.21,0.2,0.72,0.48,0.45,0.27,0.66,0.35,0.29,0.2,0.4987,0.29,0.26,0.33,0.46,0.6,0.54,0.3,1.02,,0.57,,0.97,0.8104,0.12
每股指标,摊薄每股收益_最新股数,0.450067,0.356207,0.237161,0.616768,0.448427,0.378853,0.261259,0.852335,0.628155,0.496826,0.31768,0.910964,0.59798,0.490378,0.296809,0.7289,0.438563,0.316174,0.200061,0.873425,0.648998,0.51454,0.292978,0.250256,0.132613,0.100966,0.045697,0.115905,0.101805,0.093482,0.032131,0.081915,0.090886,0.082854,0.030195,0.044896,0.077555,0.071012,0.021648,0.039699,0.076359,0.07004,0.030151,0.091968,0.080659,0.075624,0.032767,0.134364,0.114382,0.125557,0.061968,0.159175,0.104319,0.096923,0.04602,0.156747,0.102812,0.095704,0.057564,0.140419,0.072204,0.063728,0.042198,0.100968,0.062028,0.054716,0.034922,0.094941,0.059899,0.053073,0.029409,0.081578,0.051509,0.045042,0.020572,0.077197,0.064524,0.009222
每股指标,摊薄每股净资产_期末股数,5.149529,5.05879,5.25537,5.018208,4.877612,4.808497,5.197463,4.936203,4.698313,4.564024,4.736492,4.413088,4.09001,3.977841,3.979406,3.677433,3.442451,3.301233,4.009722,3.745072,3.442454,3.29455,3.110831,2.788555,2.66327,2.626144,2.570058,2.54759,2.568019,2.55493,2.499,2.458938,2.459258,2.442638,2.386406,2.344597,2.410635,2.403103,2.361172,2.337506,2.378096,2.370571,4.681455,4.615531,4.584064,4.573054,4.52935,4.457707,4.414017,4.438452,8.598836,8.527855,8.317356,8.285015,8.164582,7.977447,7.768255,5.735892,5.811167,5.540528,5.129145,5.089297,5.188073,4.989677,4.806598,4.772221,9.558323,9.363282,8.985143,8.873713,8.64945,4.205558,,3.761602,,3.180952,2.222021,1.406077
每股指标,调整每股净资产_期末股数,4.76342,4.681533,4.693849,4.437821,4.302025,4.234279,4.606894,4.333865,4.130965,4.00002,4.360817,4.0262,3.710133,3.611825,3.577254,3.273497,3.047856,2.922469,3.58257,3.34477,3.07379,2.908174,2.745788,2.387073,2.298312,2.266569,2.206352,2.180336,2.210355,2.199663,2.117381,2.058218,2.069464,2.052801,1.970471,1.902785,1.958749,1.948938,1.896002,1.852688,1.939991,1.929527,3.791298,3.702782,3.85066,3.839812,3.77013,3.682915,3.713315,3.855676,7.64543,7.537555,7.4534,7.395869,7.283933,7.099339,6.900176,4.91915,5.005402,5.06884,4.606051,4.57066,4.664867,4.567144,4.416242,4.380839,8.775378,8.58031,8.232492,8.113887,7.809939,3.073259,,2.88658,,2.868143,1.933432,1.112064
每股指标,每股净资产_最新股数,5.149529,5.05879,5.25537,5.018208,4.877612,4.808497,5.197463,4.936203,4.698313,4.564024,4.736492,4.413088,4.09001,3.977841,3.979406,3.677433,3.442451,3.301233,3.645202,3.40461,3.129504,2.995045,2.828028,2.53505,2.428902,2.395043,2.366837,2.346146,2.373027,2.360932,2.309889,2.272859,2.280349,2.263432,2.211325,2.172583,2.205084,2.198194,2.159839,2.138191,2.17532,2.168436,2.141138,2.110986,2.096594,2.091559,2.07157,2.038803,2.01882,2.029996,1.966407,1.950175,1.902037,1.894641,1.8671,1.824305,1.776467,1.220008,1.236019,1.178454,1.090955,1.082479,1.103488,1.06129,1.02235,1.015038,1.016514,0.995772,0.955557,0.943707,0.919857,0.334843,,0.299496,,0.253265,0.176915,0.11195
每股指标,每股经营现金流,0.059876,-0.217051,-0.283615,1.301699,0.834825,0.360075,0.190349,0.414923,0.037678,-0.205515,-0.310194,1.575042,0.854362,0.242869,0.136627,1.094939,0.48319,0.060449,-0.101666,1.58583,1.198997,0.84549,0.269929,0.489691,-0.225427,-0.393155,-0.333177,0.604092,0.122107,-0.069423,-0.158338,0.432127,0.192305,0.104774,-0.020668,0.413162,0.276986,0.022041,-0.059381,0.064735,-0.14112,-0.314577,-0.447967,0.355545,0.135599,-0.155552,-0.469108,0.400619,0.446775,0.090892,-0.299717,1.504838,1.115799,0.015167,-0.557013,0.504562,0.56616,0.379782,-0.403746,1.116634,0.944895,0.359531,0.138226,1.538266,0.642851,0.403889,-0.206698,1.606799,1.124942,0.542856,0.40464,1.072174,,0.796969,,0.305426,1.266668,0.063824
每股指标,每股现金流量净额,0.336652,0.152109,-0.286176,-0.329149,-0.30963,-0.110635,-0.430851,-0.789064,-0.211246,-0.950289,-1.174329,0.627865,0.522505,-0.36569,-0.158243,-0.110035,-0.175823,-0.483166,-0.307949,0.577204,0.833479,0.944321,0.554979,-0.289472,-0.383539,-0.465922,-0.351827,0.138853,-0.291507,-0.350376,-0.475822,0.132096,0.026013,-0.112571,-0.233395,-0.011046,-0.120118,-0.259042,-0.356162,0.273486,-0.236978,-0.324517,-0.44627,-0.751085,-0.748659,-0.726415,-0.615409,-0.294349,-0.123316,-0.660187,-0.690943,0.060611,0.419228,-0.680322,-0.853668,0.904882,1.373921,-0.77522,-0.925092,0.234713,0.291664,-0.12663,0.175327,0.532457,0.587626,0.460086,-0.008126,3.474269,3.2314,4.278997,5.293369,0.871613,,1.187547,,-0.126756,0.702942,-0.229753
每股指标,每股企业自由现金流量,,-0.763657,,1.587758,,0.939445,,1.5134,,1.009609,,0.173075,,0.141876,,0.575093,,0.570199,,0.035718,,-0.02549,,0.049367,,0.013314,,-0.059238,,-0.047937,,-0.091211,,-0.062184,,-0.024012,,-0.030077,,-0.165705,,-0.031971,,0.416302,,0.005219,,0.429357,,-0.015091,,0.531015,,-0.26761,,-2.420898,,-0.031364,,0.195909,,0.215975,,0.074283,,0.062154,,-4.830854,,-4.899942,,0.035614,,0.140754,,-0.125756,0.452873,0.71027
每股指标,每股股东自由现金流量,,-0.93427,,1.98471,,0.939502,,1.627085,,1.123351,,0.343688,,0.312488,,0.575093,,0.570199,,-0.051863,,0.587577,,0.049367,,0.013314,,-0.059238,,-0.047937,,-0.054172,,-0.000688,,-0.34312,,-0.201038,,0.085955,,0.120213,,0.291957,,0.005219,,0.653177,,0.15899,,0.680228,,-0.118397,,-2.523738,,-0.034981,,0.11727,,0.190781,,-0.271236,,0.438559,,-6.916415,,-5.80924,,1.764185,,1.540754,,0.599977,0.211444,1.073127
每股指标,每股未分配利润,3.452196,3.35707,3.538686,3.301317,3.20336,3.133872,3.516315,3.254891,3.121939,2.990657,3.161438,2.843701,2.598524,2.490897,2.497395,2.200128,1.965858,1.843551,2.499165,2.279097,2.082818,1.934914,1.751195,1.428919,1.302417,1.267717,1.225121,1.175501,1.160401,1.151395,1.104702,1.06994,1.079977,1.072027,1.025199,0.992613,1.043084,1.03593,0.994965,0.971299,1.012933,1.006026,1.954838,1.888913,1.867349,1.856339,1.812635,1.740991,1.699526,1.723961,3.169855,3.098874,2.925048,2.892707,2.772275,2.585139,2.454339,2.605381,2.626062,2.355423,1.950144,1.910296,2.009072,1.810676,1.63482,1.600443,3.214768,3.019735,2.664219,2.600035,2.377524,2.806316,,2.277198,,1.8664,0.838449,0.141222
每股指标,每股资本公积金,0.30143,0.306096,0.322649,0.322649,0.346242,0.346702,0.347818,0.347818,0.33671,0.333739,0.335032,0.329311,0.319848,0.315281,0.310415,0.305251,0.360607,0.341777,0.382045,0.337462,0.281742,0.281742,0.281742,0.281742,0.307055,0.30463,0.355159,0.3535,0.378182,0.3741,0.366077,0.360777,0.376425,0.364891,0.355615,0.346392,0.307006,0.306627,0.305662,0.305662,0.306175,0.305557,1.608643,1.608643,1.601901,1.601901,1.601901,1.601901,1.601901,1.601901,4.203802,4.203802,4.208904,4.208904,4.208904,4.208904,4.19879,2.006732,2.061326,2.061326,2.06133,2.06133,2.06133,2.06133,2.06133,2.06133,5.122661,5.122653,5.118939,5.118378,5.116626,0.191806,,0.191806,,0.191806,0.187171,0.18164
每股指标,每股盈余公积金,0.40048,0.40048,0.40048,0.40048,0.331047,0.331047,0.331047,0.331047,0.239236,0.239236,0.239236,0.239236,0.171418,0.171418,0.171418,0.171418,0.115812,0.115812,0.127393,0.127393,0.077893,0.077893,0.077893,0.077893,0.070594,0.070594,0.06991,0.06991,0.065516,0.065516,0.065498,0.065498,0.061553,0.061594,0.061594,0.061594,0.060544,0.060544,0.060544,0.060544,0.058987,0.058987,0.117974,0.117974,0.114813,0.114813,0.114813,0.114813,0.112589,0.112589,0.225178,0.225178,0.183402,0.183402,0.183402,0.183402,0.115125,0.123778,0.123778,0.123778,0.11767,0.11767,0.11767,0.11767,0.110446,0.110446,0.220893,0.220893,0.201984,0.155299,0.155299,0.207435,,0.292597,,0.122745,0.196399,0.083215
每股指标,每股留存收益,3.852676,3.757551,3.939167,3.701797,3.534408,3.46492,3.847363,3.585938,3.361176,3.229894,3.400674,3.082938,2.769942,2.662316,2.668813,2.371546,2.081671,1.959363,2.626558,2.406491,2.160711,2.012807,1.829088,1.506812,1.373012,1.338312,1.295032,1.245411,1.225918,1.216912,1.1702,1.135438,1.14153,1.133622,1.086794,1.054208,1.103629,1.096475,1.055509,1.031843,1.071921,1.065013,2.072812,2.006887,1.982163,1.971153,1.927448,1.855805,1.812115,1.83655,3.395033,3.324053,3.108451,3.07611,2.955677,2.768542,2.569465,2.72916,2.749841,2.479201,2.067815,2.027967,2.126743,1.928346,1.745267,1.71089,3.435662,3.240628,2.866203,2.755334,2.532823,3.013751,,2.569795,,1.989145,1.034849,0.224437
每股指标,每股营业收入,5.687136,4.058101,2.522945,7.54388,5.829227,4.169114,2.563449,8.025543,6.159037,4.38429,2.698735,8.455905,6.068207,4.345596,2.664406,7.897595,5.77775,4.138692,2.916629,8.665638,6.511248,4.666394,2.773336,7.489096,5.250571,3.79405,2.3573,6.841493,5.159971,3.788046,2.236042,6.467554,4.765918,3.486542,2.071933,5.868562,4.335029,3.145549,1.847648,5.268971,3.863546,2.856862,3.513096,10.182246,7.386617,5.519068,3.4311,8.961081,6.088621,4.594995,5.524412,13.332571,9.623525,7.263136,4.427382,13.063534,9.354179,7.550635,4.408785,10.285504,7.142296,5.340095,3.200514,7.724815,5.694701,4.271314,5.255491,14.788923,10.794283,8.052415,4.474693,17.847008,,9.19408,,13.226422,9.588797,8.280674
每股指标,每股营业总收入,5.687136,4.058101,2.522945,7.54388,5.829227,4.169114,2.563449,8.025543,6.159037,4.38429,2.698735,8.455905,6.068207,4.345596,2.664406,7.897595,5.77775,4.138692,2.916629,8.665638,6.511248,4.666394,2.773336,7.489096,5.250571,3.79405,2.3573,6.841493,5.159971,3.788046,2.236042,6.467554,4.765918,3.486542,2.071933,5.868562,4.335029,3.145549,1.847648,5.268971,3.863546,2.856862,3.513096,10.182246,7.386617,5.519068,3.4311,8.961081,6.088621,4.594995,5.524412,13.332571,9.623525,7.263136,4.427382,13.063534,9.354179,7.550635,4.408785,10.285504,7.142296,5.340095,3.200514,7.724815,5.694701,4.271314,5.255491,14.788923,10.794283,8.052415,4.474693,17.847008,,9.19408,,13.226422,9.588797,8.280674
每股指标,每股息税前利润,0.581656,0.461104,0.311027,0.789989,0.586456,0.495157,0.338453,1.098363,0.820123,0.646555,0.410013,1.173059,0.776922,0.636355,0.367719,0.9272,0.570872,0.421016,0.282112,1.218366,0.906633,0.711754,0.380231,0.315876,0.159785,0.124782,0.051656,0.167795,0.153521,0.1456,0.053509,0.130524,0.14214,0.139199,0.057498,0.086329,0.114497,0.106604,0.039194,0.0062,0.093929,0.088514,0.081936,0.099235,0.216996,0.20801,0.078602,0.412431,0.331638,0.356398,0.367706,0.78672,0.510825,0.486957,0.243209,0.780046,0.482982,0.509834,0.314828,0.750699,0.409789,0.379442,0.231573,0.524829,0.3285,0.308175,0.397128,1.019197,0.687424,0.646386,0.369347,1.244752,,0.797768,,1.156665,1.004861,0.297809
盈利能力,净资产收益率(ROE),8.76,6.86,4.62,12.48,9.09,7.52,5.16,18.37,13.73,10.79,6.94,22.65,15.36,12.6,7.75,21.12,12.63,8.94,5.71,29.39,22.89,18.49,10.93,10.2,5.58,4.26,1.94,4.99,4.39,4.04,1.4,3.69,4.09,3.74,1.38,2.06,3.57,3.27,1.01,1.87,3.57,3.27,1.42,4.44,3.9,3.65,1.59,6.78,5.79,6.31,3.13,8.43,5.6,5.19,2.49,11.09,8.08,7.8,4.77,12.43,6.67,5.6,3.78,10.22,,5.42,,10.53,,7.25,,27.74,,16.26,,36.02,44.67,8.6
盈利能力,摊薄净资产收益率,8.739972,7.041355,4.51275,12.290613,9.193593,7.878824,5.02667,17.267014,13.369817,10.88572,6.707079,20.642342,14.620507,12.327757,7.458637,19.820895,12.73986,9.577473,5.488344,25.654202,20.738075,17.179719,10.359796,9.871835,5.459809,4.215648,1.93072,4.940246,4.290093,3.959567,1.391028,3.604091,3.985648,3.660555,1.365482,2.066503,3.517139,3.230475,1.002297,1.856672,3.510247,3.23002,1.408206,4.356644,3.847182,3.615697,1.581753,6.590364,5.665798,6.18513,3.151361,8.16209,5.484594,5.12,2.464821,8.592151,5.78749,7.844607,4.657226,11.915594,6.618424,5.887269,3.824091,9.513755,6.07,5.39,3.44,9.22,6.27,5.62,3.2,24.36,,15.04,,30.48,36.47,8.24
盈利能力,净资产收益率_平均,8.852853,7.069712,4.616926,12.391863,9.138705,7.775571,5.156264,18.231929,13.787405,11.067978,6.943676,22.519311,15.397093,12.811524,7.752794,20.584457,12.810268,9.429827,5.675647,29.40995,22.914384,18.608733,10.925738,10.253879,5.554433,4.259126,1.939197,5.018629,4.38259,4.034826,1.402268,3.685388,4.082105,3.735522,1.377549,2.08299,3.571309,3.275176,1.007345,1.86856,3.562933,3.273382,1.418192,4.432425,3.900946,3.66188,1.594362,6.73679,5.763791,6.309171,3.164422,8.434274,5.599003,5.2124,2.493396,10.4402,6.958753,7.980515,4.768261,12.43188,6.650062,5.892454,3.864212,9.884915,6.190623,5.480867,3.495596,14.270283,9.283798,8.302102,4.687902,27.742624,,16.297401,,35.890634,44.674193,8.238397
盈利能力,净资产收益率_平均_扣除非经常损益,6.067971,5.058951,3.633642,9.476253,7.247014,6.273558,4.431552,15.71422,12.08743,9.672425,5.988026,19.917137,13.040483,10.713689,7.137199,17.69658,10.281832,8.612877,5.54025,21.851365,15.93768,12.924859,6.599012,9.072428,4.128137,3.570809,1.74862,3.398119,3.613265,3.371701,1.256113,2.208473,2.847813,2.929595,1.242202,0.886774,2.369391,2.168177,0.408358,-0.858183,1.225011,2.830355,1.339058,3.65447,3.653243,3.469815,1.507741,6.215346,5.391792,6.177151,3.111402,8.26705,5.563905,5.177202,2.406788,9.997274,6.888018,7.90938,4.75408,12.543993,6.677293,5.898507,3.84943,10.00713,6.143899,5.363658,3.518204,14.078068,9.128432,8.032545,4.733343,26.308008,,16.022559,,35.724851,45.178953,8.548956
盈利能力,摊薄净资产收益率_扣除非经常损益,5.990599,5.038659,3.551654,9.398825,7.29054,6.356866,4.320172,14.882552,11.721331,9.513148,5.783991,18.257057,12.382758,10.309137,6.866399,17.040142,10.225321,8.747732,5.357416,19.060873,14.423989,11.932325,6.25719,8.734402,4.057811,3.534358,1.740976,3.345045,3.537005,3.308811,1.246044,2.159755,2.780522,2.870802,1.231321,0.879755,2.333452,2.138585,0.406312,-0.852723,1.206897,2.792861,1.32963,3.591989,3.602894,3.426055,1.495817,6.080253,5.300124,6.055705,3.09856,8.000262,5.450214,5.08,2.379206,8.227629,5.728661,7.774683,4.643375,12.023051,6.645526,5.893317,3.809462,9.631381,6.02,5.28,3.46,9.09,6.16,5.44,3.23,23.1,,14.79,,30.34,36.88,8.55
盈利能力,息税前利润率,10.227586,11.36256,12.32797,10.47193,10.06062,11.876807,13.20304,13.685848,13.31577,14.747099,15.192809,13.872666,12.803168,14.643691,13.801195,11.740287,9.880529,10.172681,9.672562,14.059747,13.92411,15.252774,13.710243,4.217818,3.04321,3.288902,2.191347,2.45262,2.97524,3.843695,2.393032,2.018136,2.982441,3.99248,2.775112,1.471047,2.641213,3.389043,2.121301,0.117675,2.43118,3.098294,2.332308,0.97459,2.937694,3.768946,2.290872,4.602478,5.446863,7.756238,6.656021,5.900737,5.308094,6.7045,5.493304,5.971177,5.163279,6.752205,7.140926,7.298615,5.737501,7.105539,7.235509,6.794065,5.768531,7.215005,7.55645,6.891625,6.368413,8.02724,8.254144,6.97457,6.669298,8.67698,8.034002,8.745113,10.479533,3.596438
盈利能力,总资产报酬率,6.510045,5.438207,3.510441,8.868348,7.013196,6.223623,4.068444,12.825159,9.958646,8.073001,4.996115,14.614475,10.196455,8.938446,5.017983,12.960711,8.60163,6.539278,3.813438,17.266596,13.217299,10.334093,5.592462,5.103999,2.953715,2.330367,0.945309,3.028446,3.011312,2.963771,1.044032,2.491515,2.937222,2.957864,1.20072,1.759713,2.525764,2.398058,0.853016,0.135148,2.278357,2.155415,0.950202,1.101296,2.596963,2.503855,0.908432,4.854005,4.205883,4.805064,2.476872,5.362826,3.90523,3.833622,1.87811,6.70144,4.509908,5.204129,3.141227,7.981153,4.645414,4.547794,2.701698,6.344609,4.227025,4.05181,2.575151,7.482957,5.541209,5.115569,2.660839,9.178774,,6.585857,,11.088021,11.42479,3.448638
盈利能力,总资本回报率,9.991414,8.10105,5.292727,14.29238,10.943263,9.468601,6.258191,22.088497,16.984361,13.526672,8.546618,27.931657,19.317487,15.97203,9.263563,25.794684,16.415205,12.296231,7.19537,36.184832,27.810431,20.270602,11.181563,11.093243,5.826038,4.518704,1.92581,6.28835,5.741626,5.458761,2.027679,5.126337,5.564505,5.465254,2.322314,3.309897,4.254814,3.908268,1.459785,0.239403,3.748098,3.537302,1.647039,2.07915,4.561485,4.321126,1.640293,9.06975,7.26833,7.897443,4.220414,9.447528,6.212908,5.934275,2.985771,11.788959,7.360406,8.871358,5.415786,13.863314,7.8263,7.274408,4.289641,10.097412,6.205988,5.73918,3.696204,11.972809,8.339176,7.298816,3.969168,16.439259,,11.10238,,21.051932,23.029658,7.306273
盈利能力,投入资本回报率,7.916381,6.387233,4.09939,11.361746,8.503173,7.32135,4.881403,17.320986,13.138438,10.47553,6.653475,21.822423,14.973597,12.368385,7.491618,20.338358,12.707713,9.301188,5.636302,28.824732,22.176167,16.307203,9.545481,9.741377,5.333277,4.100299,1.898504,4.848984,4.17825,3.802141,1.315444,3.464041,3.693521,3.553305,1.376541,2.146938,3.384519,3.019027,0.919866,1.900459,3.393197,3.162723,1.343543,4.509567,3.787507,3.619448,1.532148,6.752741,5.294034,6.139833,2.967102,8.464057,5.207937,4.955404,2.368184,10.439112,6.571224,7.878984,4.517654,12.216455,6.112596,5.769377,3.552507,9.650501,5.522313,5.066004,3.101872,12.106116,7.793908,6.425299,3.501762,17.152591,,9.872665,,20.130633,21.774504,6.669416
盈利能力,息前税后总资产报酬率_平均,5.160734,4.290457,2.71895,7.053052,5.45066,4.81356,3.173394,10.061563,7.706051,6.254072,3.891928,11.422201,7.904624,6.921623,4.05754,10.204913,6.645972,4.939616,2.984792,13.75072,10.537215,8.312131,4.771247,4.464409,2.702527,2.115001,0.93268,2.326152,2.19186,2.065374,0.678469,1.685575,2.027136,1.924856,0.681979,1.141282,1.870079,1.852538,0.514963,1.07284,2.024516,1.927275,0.764391,2.38858,2.110211,2.097405,0.827895,3.614315,3.171292,3.735881,1.825248,4.687706,3.465899,3.363123,1.518105,5.791358,4.177075,4.662646,2.789107,7.062344,3.917345,3.702707,2.337415,6.010858,3.738375,3.550613,2.162573,7.133931,4.384882,3.89896,1.97225,7.511815,,5.964567,,10.759395,11.455565,3.473374
盈利能力,毛利率,23.766746,24.33871,25.324585,24.2215,25.028816,25.935171,26.600827,25.835245,26.767605,27.661547,28.281588,28.065459,28.56171,29.881281,31.029456,27.169828,26.122298,26.831744,28.65428,29.865476,36.731933,38.179859,37.03187,35.173447,32.678573,33.209366,34.176719,35.520541,34.200626,34.83362,33.897496,33.924554,34.527851,35.333666,34.472443,35.136709,34.428994,35.133795,33.830724,32.931477,33.827635,34.709165,33.42,34.580452,34.460543,35.246353,32.092148,34.916872,35.989574,37.061246,33.87,33.598566,35.729078,36.216252,31.930431,31.924474,34.294238,35.181743,33.631724,33.437194,35.762942,36.460008,35.186543,35.715765,36.304555,36.953208,36.939722,38.079199,36.605046,36.045911,36.898029,35.937711,35.84193,35.647183,37.241736,37.070983,34.835961,24.87882
盈利能力,销售净利率,7.918031,8.783388,9.40019,8.179464,7.694531,9.089627,10.191707,10.624455,10.201516,11.334992,11.778259,10.777121,9.855606,11.284313,11.138153,9.216502,7.575719,7.628807,7.539268,11.084009,10.96164,12.127102,11.613329,3.661224,2.767996,2.918546,2.106774,1.832245,2.135584,2.671973,1.555122,1.371859,2.058344,2.566929,1.576194,0.825486,1.955558,2.468134,1.280623,0.823681,2.160312,2.680361,1.876228,1.974767,2.387078,2.996139,2.087775,3.278713,4.107007,5.974744,4.904931,5.092101,4.710944,5.88166,4.440323,5.119725,4.782228,6.011972,6.340454,6.391559,4.838271,5.711514,6.25991,6.130159,5.101681,6.016075,6.345793,5.638345,5.039468,6.118164,6.118084,5.707917,5.051401,6.29569,6.051913,7.454161,9.051034,1.738181
盈利能力,成本费用利润率,10.798205,12.193687,13.642913,11.202449,10.832151,13.142305,14.931197,15.386701,14.968731,16.867177,17.503123,15.832273,14.360458,16.852064,16.070741,13.116415,10.756647,11.264607,10.708038,15.752413,15.363186,17.086436,15.121198,4.378687,3.118895,3.339513,2.209959,2.480197,3.055128,4.022144,2.472558,2.06836,3.165391,4.146727,2.808389,1.359856,2.564479,3.345676,2.113357,0.007133,2.432713,3.123708,2.384894,0.84272,2.991411,3.768048,2.308999,4.648939,5.901601,8.354864,7.4231,6.178251,5.933597,7.52177,6.06626,6.275895,5.671014,7.204305,7.962751,7.679426,6.257883,7.433686,7.919053,6.933293,6.114855,7.379809,8.069823,6.281391,5.901858,7.635088,7.682294,5.664031,5.262948,7.464136,6.397744,8.325415,9.970368,1.742086
盈利能力,营业利润率,10.071638,11.249866,12.128623,10.034853,9.404873,11.00481,13.036621,13.474297,13.137805,14.574376,15.057166,13.729089,12.946932,14.973924,13.720496,11.719048,9.814459,10.079768,9.608014,13.894535,13.703053,15.056673,13.543447,4.223251,2.990335,3.202401,2.110384,2.332157,2.911647,3.801617,2.281583,1.867966,2.693954,3.580287,2.255914,0.14137,1.593876,2.082069,1.07949,-1.289412,1.764248,2.619534,2.281237,-0.239161,2.248299,2.909065,2.095287,3.404536,4.716074,7.026146,6.55732,4.560757,4.698269,6.740978,5.477987,4.619205,4.572825,5.908107,7.301687,5.435184,4.133213,5.039704,6.214046,5.69074,4.743403,5.875105,6.497255,4.451001,4.254208,6.013898,6.458759,3.666981,3.068505,4.348638,1.101343,6.677807,7.1691,1.04088
盈利能力,总资产净利率_平均,5.037266,4.201066,2.676744,6.923782,5.362568,4.761794,3.140519,9.952379,7.627611,6.203464,3.87101,11.349188,7.847986,6.888007,4.050325,10.188806,6.608065,4.910869,2.974744,13.61593,10.407529,8.217775,4.740051,4.448058,2.687961,2.067537,0.90805,2.271521,2.160983,2.059241,0.678246,1.691672,2.025449,1.899969,0.680481,0.987615,1.87033,1.746324,0.515062,0.945987,2.024816,1.864564,0.764517,2.231577,2.110605,1.990315,0.828005,3.457554,3.171662,3.701206,1.825327,4.744765,3.487415,3.336666,1.554031,5.888616,4.198074,4.592943,2.700329,7.018858,3.848251,3.591092,2.314634,5.738673,3.752548,3.382252,2.129362,6.554483,4.540127,3.949532,1.992233,7.55542,,4.670281,,9.294589,9.213996,1.341409
盈利能力,总资产净利率_平均(含少数股东损益),5.039971,4.203796,2.676744,6.92693,5.363809,4.763099,3.140518,9.956294,7.629546,6.205112,3.873249,11.353403,7.849014,6.887896,4.049727,10.174575,6.595146,4.904006,2.97238,13.61213,10.405209,8.216381,4.737123,4.430462,2.686595,2.067949,0.908826,2.26242,2.161476,2.060287,0.678469,1.693645,2.027136,1.901732,0.681979,0.987473,1.870079,1.74643,0.514963,0.94598,2.024516,1.864669,0.764391,2.231504,2.110211,1.99045,0.827895,3.457895,3.171292,3.701411,1.825248,4.627905,3.465899,3.363123,1.518105,5.745856,4.177075,4.633609,2.789107,6.989273,3.917345,3.655569,2.337415,5.724624,3.738375,3.378514,2.162573,6.12214,4.384882,3.89896,1.97225,7.511815,,4.77845,,9.45121,9.86744,1.666748
成长能力,归母净利润,395692157.5,313171861.89,208508839.24,542253110.31,394250644.85,333081627.17,229695068.18,749359365.22,552264637.06,436802344.05,279299453.25,801874643.07,525734725.13,431133121.61,260950214.35,640837397.98,385578099.67,277975814.74,175890672.32,767902011.08,570589506.8,452375750.21,257581593.61,220021103.27,116591626.69,88768242.22,40176090.27,101902173.25,89505419.3,82188517.1,28249255.19,72019165.77,79906148.3,72844084.37,26547186.95,39472310.59,68185926.37,62432747.92,19032585.45,34902921.93,67133725.87,61578883.4,26508853.23,80856947.06,70914826.05,66487818.95,28808341.01,118131168.96,100563109.36,110388523.79,54481799.22,139944162.54,91715635.96,85213352.67,40460666.88,137809572.16,90391444.8,84142196.37,50609543.68,123454955.26,65253218.81,54702516.06,36564726.14,93257004.84,54534245.59,48105711.07,30703621.77,79568210.35,52662345.48,46661190.94,25856421.84,71722416.08,45286519.84,39600959.43,18086759.25,67870651.82,56728841.04,8108680.99
成长能力,营业总收入,5000039406.26,3567818090.23,2218133561.43,6632459699.95,5124963675.4,3665419040.43,2253743794.58,7055930166.63,5414927784.42,3854598182.67,2372685088.36,7434297659.46,5335070873.15,3820579502.72,2342503897.74,6943439865.01,5079705991.98,3638672849.45,2331140066.94,6926082823.06,5204169149.4,3729654456.66,2216612020.07,5985722254.07,4209989927.72,3042129152.67,1908623029.08,5539316059.52,4192099258.88,3077510999.88,1817124671.9,5255871627.52,3885292636.72,2840423106.99,1687966407.75,4781012224.26,3486307045.23,2529705802.29,1485911118.96,4237398972.24,3107131868.74,2297538551.15,1412647006.57,4094370562.23,2970223499.89,2219265962.13,1379675554.48,3603329339.62,2448287980.63,1847687781.78,1110707439.09,2680571887.95,1934852043.61,1460285359.28,890144696.57,2626480863.71,1880698732.06,1411968917.67,824442850.56,1923389425.05,1335609385.61,998597897.57,598496220.59,1444540455.56,1064909153.13,798735824.65,491388413.56,1382764377.63,1009265496.06,752900878.96,418383831.11,1249290596.0,899043225.79,643585647.66,295747892.25,925849572.55,671215790.8,579647246.89
成长能力,净利润,395904704.21,313375327.34,208508783.0,542499658.56,394341927.78,333172921.14,229694980.35,749654175.04,552404733.45,436918429.82,279461018.4,802172083.77,525803612.66,431126177.84,260911681.62,639942313.1,384824300.6,277587353.61,175750908.92,767687663.33,570462297.34,452299020.29,257422453.61,219150711.82,116532367.67,88785961.5,40210391.18,101493889.03,89525821.57,82230282.97,28258517.19,72103157.69,79972700.4,72911669.77,26605628.71,39466627.79,68176767.38,62436534.56,19028934.15,34902663.65,67123771.93,61582344.86,26504492.64,80854304.49,70901572.09,66492300.5,28804527.25,118142845.62,100551364.98,110394628.69,54479441.85,136497453.98,91149804.26,85889021.66,39525307.96,134468606.64,89939305.38,84887189.54,52273420.27,122934581.47,64620411.5,57035061.78,37465324.89,88552637.73,54328272.1,48052547.88,31182493.09,77965030.76,50861613.46,46063712.84,25597074.77,71308481.96,45414283.99,40518160.66,17898407.87,69014319.47,60751974.24,10075320.89
成长能力,扣非净利润,271217481.51,224099817.62,164101968.55,414669504.94,312641665.55,268740006.24,197411462.35,645877762.04,484170924.2,381726252.71,240859776.6,708358765.37,445268119.13,360536842.14,240229992.36,550931739.48,309474351.52,253893485.35,171694674.99,570545246.89,396863092.73,314201552.19,155576133.01,194670280.86,86652616.93,74422414.9,36227737.23,68998070.31,73793525.35,68680817.33,25304898.24,43157568.74,55745219.89,57128208.97,23938886.1,16804228.98,45238065.51,41330677.11,7715445.17,-16030042.67,23081994.49,53244651.76,25029684.99,66665375.78,66411874.79,63000545.68,27243188.61,108987519.73,94072707.51,108078628.93,53568959.19,137169531.63,91140713.3,84637926.83,39055265.65,131963003.89,89472622.65,83392185.27,50459026.33,124568294.69,63740583.44,56086621.38,36958258.34,89867499.01,54122641.98,47076966.4,30902197.93,82346561.93,51781028.44,45146169.72,26107058.01,68013535.7,,38933122.85,,67557149.56,57369803.45,8414350.07
成长能力,营业总收入增长率,-2.437563,-2.66275,-1.580047,-6.001624,-5.354902,-4.907882,-5.01294,-5.089485,1.496829,0.890406,1.288415,7.069374,5.027158,4.999258,0.487479,0.250604,-2.391604,-2.439411,5.166806,15.71006,23.614764,22.600135,16.136711,8.058868,0.426771,-1.14969,5.035337,5.39291,7.896615,8.346921,7.651708,9.932193,11.444361,12.282744,13.598073,12.828937,12.203382,10.105042,5.1863,3.493294,4.609362,3.526958,2.389797,13.627431,21.318387,20.110442,24.215928,34.423902,26.536185,26.529227,24.778302,2.059448,2.879425,3.421919,7.969242,36.554814,40.812033,41.395142,37.75239,33.148879,25.42003,25.022299,21.796974,4.467578,5.513282,6.087779,17.449188,10.683965,12.259952,16.985343,41.466377,34.934511,,,,37.936202,15.797287,
成长能力,归属母公司净利润增长率,0.365633,-5.977443,-9.223632,-27.637774,-28.612006,-23.745457,-17.760287,-6.549063,5.046254,1.314958,7.031701,24.97801,36.349737,55.097349,48.359325,-16.546982,-32.424607,-38.552008,-31.71458,249.012889,389.391496,409.614405,541.131558,115.914044,30.262086,8.00565,42.219998,41.493131,12.013181,12.827991,6.411482,82.454902,17.188623,16.676082,39.48282,13.091708,1.56732,1.386619,-28.202909,-56.833737,-5.331889,-7.38321,-7.98202,-31.553249,-29.482265,-39.769265,-47.122999,-15.586926,9.646635,29.543692,34.653735,1.548942,1.464951,1.273031,-20.053286,11.627412,38.524116,53.817781,38.410837,32.381428,16.405088,16.470719,20.833241,11.564609,3.554532,3.095763,18.746599,16.380464,16.287022,17.828435,42.957737,5.675154,,,,19.640469,599.606275,
收益质量,经营活动净现金/销售收入,0.010528,-0.053486,-0.112414,0.17255,0.143213,0.086367,0.074255,0.0517,0.006117,-0.046875,-0.11494,0.186265,0.140793,0.055888,0.051278,0.138642,0.083629,0.014606,-0.034857,0.183002,0.184142,0.181187,0.09733,0.065387,-0.042933,-0.103624,-0.141338,0.088298,0.023664,-0.018327,-0.070811,0.066814,0.04035,0.030051,-0.009975,0.070402,0.063894,0.007007,-0.032139,0.012286,-0.036526,-0.110112,-0.127513,0.034918,0.018357,-0.028184,-0.136722,0.044706,0.073378,0.01978,-0.054253,0.112869,0.115945,0.002088,-0.125811,0.038623,0.060524,0.050298,-0.091577,0.108563,0.132295,0.067326,0.043188,0.199133,0.112885,0.094558,-0.03933,0.108648,0.104216,0.067415,0.090428,0.060075,0.072035,0.086682,0.111207,0.023092,0.132098,0.007707
收益质量,经营性现金净流量/营业总收入,0.010528,-0.053486,-0.112414,0.17255,0.143213,0.086367,0.074255,0.0517,0.006117,-0.046875,-0.11494,0.186265,0.140793,0.055888,0.051278,0.138642,0.083629,0.014606,-0.034857,0.183002,0.184142,0.181187,0.09733,0.065387,-0.042933,-0.103624,-0.141338,0.088298,0.023664,-0.018327,-0.070811,0.066814,0.04035,0.030051,-0.009975,0.070402,0.063894,0.007007,-0.032139,0.012286,-0.036526,-0.110112,-0.127513,0.034918,0.018357,-0.028184,-0.136722,0.044706,0.073378,0.01978,-0.054253,0.112869,0.115945,0.002088,-0.125811,0.038623,0.060524,0.050298,-0.091577,0.108563,0.132295,0.067326,0.043188,0.199133,0.112885,0.094558,-0.03933,0.108648,0.104216,0.067415,0.090428,0.060075,0.072035,0.086682,0.111207,0.023092,0.132098,0.007707
收益质量,成本费用率,92.958619,91.699009,89.275274,92.149515,91.727224,89.638086,87.711319,88.215891,88.27385,86.900513,86.476047,87.210222,88.669466,86.56766,85.744064,89.298833,91.312349,89.814801,90.035916,88.538162,89.727772,88.441207,90.115785,95.685396,97.047031,96.495991,96.655563,96.807073,96.40251,95.399311,96.870526,97.887847,96.652623,95.527576,96.244107,98.721452,97.332189,96.814122,97.733525,101.162413,98.278618,96.305476,96.704721,99.153521,96.475623,95.751174,96.972258,95.810324,94.669518,92.169035,92.707136,94.443207,94.357599,92.282943,93.659952,94.498606,94.513517,93.201643,91.963917,94.171009,95.407064,94.594932,93.343675,93.571034,94.668331,93.614216,92.97268,94.880091,95.466464,93.754197,93.098141,96.016606,96.606033,95.31244,98.487871,92.648212,90.496213,98.295069
收益质量,期间费用率,16.725366,16.037719,14.599859,16.371016,16.756041,15.573257,14.312147,14.051136,15.041456,14.562061,14.757635,15.275682,17.231177,16.448942,16.773521,16.468661,17.434647,16.646545,18.690196,18.403639,26.459705,26.621067,27.147655,30.858844,29.725604,29.705358,30.832283,32.327614,30.603137,30.232932,30.768022,31.812402,31.180475,30.861243,30.71655,33.858162,31.761183,31.947917,31.56425,34.09389,32.106253,31.014641,30.124721,33.733974,30.936167,30.997527,29.064407,30.727197,30.659093,29.230281,26.577136,28.041773,30.086677,28.499195,25.590384,26.423081,28.807756,28.383386,25.595641,27.608203,31.170006,31.05494,28.530219,29.2868,30.972887,30.567424,29.912403,32.95929,32.071511,29.800108,29.996171,31.954318,32.447964,30.959624,35.729607,29.719196,25.332175,23.173889
收益质量,销售成本率,76.233253,75.661289,74.675414,75.778499,74.971183,74.064828,73.399172,74.164754,73.232394,72.338452,71.718411,71.93454,71.438289,70.118718,68.970543,72.830171,73.877701,73.168255,71.345719,70.134523,63.268066,61.82014,62.968129,64.826552,67.321426,66.790633,65.82328,64.479458,65.799373,65.166379,66.102503,66.075445,65.472148,64.666333,65.527556,64.86329,65.571005,64.866204,66.169275,67.068522,66.172364,65.290834,66.579999,65.419547,65.539456,64.753646,67.907851,65.083127,64.010425,62.938753,66.129999,66.401433,64.270921,63.783747,68.069568,68.075525,65.705761,64.818256,66.368275,66.562805,64.237057,63.539991,64.813456,64.284234,63.695444,63.046791,63.060277,61.9208,63.394953,63.954088,63.10197,64.062288,64.158069,64.352816,62.758263,62.929016,65.164038,75.121179
收益质量,经营活动净现金/归属母公司的净利润,0.133039,-0.609341,-1.195875,2.110515,1.861672,0.950435,0.728585,0.486807,0.059982,-0.413656,-0.976436,1.728982,1.428747,0.495269,0.46032,1.50218,1.101756,0.191191,-0.461978,1.650586,1.679506,1.493813,0.837573,1.778876,-1.550296,-3.551248,-6.714488,4.799825,1.10835,-0.686249,-4.554955,4.876052,1.961957,1.171787,-0.634263,8.527389,3.266914,0.283918,-2.509158,1.491601,-1.690527,-4.108365,-6.795146,1.768159,0.768892,-0.94076,-6.547854,1.363675,1.786464,0.331091,-1.106048,2.161964,2.446,0.035787,-2.767874,0.73612,1.259289,0.844039,-1.491826,1.691392,2.783454,1.199954,0.69672,3.240462,2.204363,1.570027,-0.629448,1.799857,1.997292,1.087778,1.463228,1.046426,1.430064,1.40875,1.81843,0.315009,1.562993,0.550978
收益质量,所得税/利润总额,21.118349,21.44707,22.821145,20.764681,22.559314,22.841826,22.179025,21.726573,22.794603,22.668491,22.183846,21.946551,22.599999,22.648924,19.169881,21.312597,22.871042,24.596297,21.800587,20.527061,20.481648,19.748917,14.774479,12.615043,8.550277,9.432132,1.370486,23.688426,27.489825,30.364723,35.072837,32.24295,32.721402,35.199292,41.685264,38.509844,21.654331,23.801558,37.998072,-11314.056246,9.642006,10.901173,18.647868,-136.332963,17.287162,16.957301,6.757831,26.389926,26.490169,22.411941,28.725457,12.730848,15.857969,15.265867,21.848075,13.673221,10.777246,10.463245,13.415578,11.61861,18.963204,18.776971,15.314335,5.508924,11.87028,12.918418,15.42022,5.393562,10.557267,14.52948,14.457195,-4.955613,0.647564,11.505924,3.953155,3.360245,-0.312854,-1.506433
财务风险,流动比率,1.380876,1.416144,0.899852,0.919945,0.921261,1.065825,1.304855,1.221764,1.18955,1.348067,1.570226,1.380685,1.420063,1.556391,1.485669,1.313177,1.301098,1.268995,1.488223,1.327935,1.285399,1.240084,1.199712,1.079488,1.109858,1.116309,1.067042,1.053879,1.074305,1.17677,1.153133,1.101516,1.162583,1.222852,1.156656,1.08363,1.156874,1.165871,1.101997,1.074774,1.178586,1.110508,1.097714,1.091009,1.348317,1.416662,1.310756,1.223603,1.317776,1.701387,1.625449,1.484548,2.155085,2.459282,2.141922,1.71721,2.06235,1.706478,1.66439,1.593673,1.673884,1.909488,1.842085,1.753801,1.961373,2.09207,2.035757,1.80226,2.190369,2.082559,1.783083,1.013966,,0.996603,,1.027592,0.97599,0.895755
财务风险,速动比率,1.178838,1.223634,0.654115,0.612293,0.685793,0.838981,1.008821,0.84197,0.879064,1.048984,1.205849,1.020484,1.050196,1.183013,1.136029,0.887025,0.891818,0.873932,1.046539,0.886723,0.86887,0.947987,0.888207,0.589305,0.587708,0.572183,0.691412,0.621248,0.696826,0.827777,0.800259,0.623973,0.797906,0.9145,0.748107,0.594817,0.750154,0.818269,0.717831,0.689754,0.715192,0.767373,0.790491,0.627615,0.82665,0.958238,0.839119,0.678209,0.890381,1.265725,1.155011,0.971328,1.639339,1.905999,1.485408,1.011609,1.541825,1.257595,1.189067,1.061714,1.287262,1.542864,1.470731,1.279069,1.641617,1.812129,1.641121,1.236842,1.771799,1.733238,1.457017,0.656264,,0.690919,,0.612047,0.577456,0.408053
财务风险,保守速动比率,1.127226,1.173574,0.608018,0.568954,0.624097,0.769214,0.945809,0.785022,0.808524,0.995238,1.127743,0.972448,0.98164,1.107182,1.0737,0.8145,0.80229,0.787598,0.972519,0.810233,0.78472,0.869052,0.810258,0.448258,0.476745,0.497842,0.634081,0.518644,0.516624,0.603773,0.559798,0.522712,0.618663,0.672369,0.578608,0.500563,0.641611,0.687231,0.607884,0.596373,0.481305,0.553437,0.605833,0.472949,0.633356,0.780742,0.772946,0.589422,0.792446,0.934575,1.02722,0.818113,1.507579,1.730731,1.330846,0.921739,1.362153,1.080015,1.061834,0.94474,1.157609,1.419725,1.389318,1.152289,1.515828,1.724035,1.54149,1.13884,1.645173,1.641713,1.351383,0.557645,,0.618707,,0.430509,0.422844,0.359236
财务风险,资产负债率,40.161154,34.25281,37.856029,45.796853,40.276556,34.623041,35.68122,42.28383,40.496518,38.681114,39.574488,48.471803,47.233127,41.076212,44.486339,50.885037,46.674968,45.503981,45.03075,50.085957,51.578272,54.020147,55.486806,57.815958,47.453335,47.063489,50.919853,55.260079,46.792099,42.655748,48.680621,54.072049,46.226078,43.24914,46.596241,53.870721,43.654331,41.433651,46.348012,50.926508,38.004033,37.677109,44.431168,47.391391,38.608371,37.956913,43.79341,51.528807,44.664431,36.9866,39.052345,44.956042,32.617365,28.449816,32.437699,42.185886,35.045888,39.073279,41.666526,46.358012,42.864255,36.597669,38.870383,41.871049,36.633646,34.214654,35.925371,41.49369,32.712113,35.349012,46.531412,71.420294,,67.866881,,72.583149,74.622137,83.344584
财务风险,权益乘数,1.757471,1.682837,1.724828,1.789753,1.704165,1.632907,1.64185,1.831916,1.807565,1.784161,1.793763,1.984222,1.961916,1.859975,1.914116,2.020301,1.93858,1.920195,1.907944,2.159966,2.201712,2.264449,2.304983,2.305248,2.066411,2.059999,2.13556,2.209369,2.028053,1.959375,2.06749,2.178546,2.015407,1.966095,2.024375,2.10911,1.909453,1.875468,1.955773,1.975248,1.759632,1.755575,1.855016,1.986229,1.848259,1.839848,1.925547,1.948426,1.817277,1.704625,1.733619,1.777595,1.605487,1.562157,1.604469,1.772946,1.657605,1.73756,1.765807,1.771211,1.728073,1.640852,1.669469,1.722508,1.649711,1.620478,1.641616,2.177179,2.044832,2.102047,2.353088,3.671883,,3.489597,,3.861454,4.848514,6.141596
财务风险,权益乘数(含少数股权的净资产),1.671155,1.520977,1.609166,1.844911,1.674384,1.52959,1.554755,1.732616,1.680573,1.630818,1.65493,1.940685,1.895128,1.697107,1.801358,2.036039,1.875291,1.834996,1.819198,2.003444,2.065188,2.174865,2.246524,2.370564,1.90307,1.889055,2.037483,2.23514,1.87942,1.743853,1.948581,2.177323,1.859637,1.762087,1.872527,2.16782,1.774759,1.707465,1.863863,2.03776,1.613008,1.604546,1.799569,1.900829,1.628886,1.611783,1.77915,2.063081,1.807155,1.586964,1.640752,1.816729,1.484061,1.39762,1.480115,1.729681,1.539548,1.641315,1.714281,1.864211,1.750217,1.577229,1.635868,1.720313,1.578124,1.520095,1.56068,1.709217,1.486151,1.546766,1.870256,3.498986,,3.112053,,3.647391,3.940442,6.004053
财务风险,产权比率,67.138127,52.115981,60.934263,84.516711,67.458088,52.974741,55.490633,73.282592,68.069816,63.093373,65.505219,94.083363,89.516961,69.712533,80.137208,103.607064,87.498611,83.47953,81.908378,100.333968,106.51016,117.478781,124.639533,137.050293,90.34027,88.892569,103.733885,123.494581,87.946802,74.39023,95.107539,118.046338,86.190662,76.411492,87.489879,117.101547,77.684622,70.938153,86.624203,104.06479,61.468179,60.620692,80.179017,90.336883,63.066781,61.3526,78.138835,106.618533,80.952552,58.868363,64.268695,81.921755,48.476327,39.849518,48.071597,72.975085,53.859638,64.038399,70.640902,85.283313,75.410788,58.016442,63.862021,72.327267,58.059764,52.242529,56.352199,70.239933,48.861321,55.295451,88.072483,258.376365,,222.254338,,271.717598,300.746766,511.868805
财务风险,现金比率,0.968195,1.059358,0.518539,0.517065,0.519942,0.596705,0.775171,0.630522,0.603892,0.793504,0.963538,0.856944,0.850057,0.957158,0.89538,0.67794,0.639445,0.579143,0.761079,0.697051,0.676716,0.739475,0.603544,0.334121,0.295531,0.268443,0.277086,0.356023,0.29159,0.306618,0.175109,0.321505,0.399864,0.378727,0.2679,0.297933,0.403857,0.350828,0.21373,0.347981,0.227446,0.162452,0.17825,0.254915,0.395065,0.429185,0.367556,0.411133,0.617297,0.629817,0.670859,0.641828,1.268843,1.18523,0.894649,0.721418,1.146883,0.749395,0.623183,0.731346,0.938132,1.055769,1.013774,0.879582,1.147911,1.265294,1.086085,0.831483,1.158594,1.193862,0.987611,0.225792,,0.276473,,0.13215,0.180577,0.153618
营运能力,应收账款周转率,15.848267,16.968222,10.747365,21.029289,14.102784,9.228714,5.378255,16.786778,11.856934,9.065963,5.97532,18.645532,13.557753,10.596034,5.563673,19.42611,14.703177,9.670414,5.865028,21.800256,16.703665,10.593869,4.762192,17.187221,12.582576,8.224659,3.604476,14.015783,10.752845,7.540762,3.370076,13.045529,11.509558,7.777046,4.245464,11.897396,9.738871,6.324142,3.087773,11.396073,11.012927,6.540261,3.123518,13.473682,11.819874,7.485475,3.665235,14.518057,11.763288,7.857478,3.932546,12.701036,10.685273,5.972916,3.573475,13.676053,11.126932,7.705028,3.493058,11.172861,8.595157,5.655223,3.099263,8.496633,6.200223,4.308841,2.592376,6.870512,4.793353,3.530269,1.793139,6.139213,,3.509504,,6.45477,6.398681,5.91711
营运能力,应收账款周转天数,17.036562,10.608064,8.374144,17.11898,19.145154,19.50434,16.734052,21.445448,22.771484,19.85448,15.061954,19.307574,19.914804,16.987487,16.176363,18.531759,18.363377,18.613472,15.345194,16.513567,16.164117,16.990959,18.898856,20.945794,21.458244,21.885404,24.968949,25.685327,25.109631,23.870266,26.705628,27.595659,23.458763,23.145032,21.199096,30.258721,27.72395,28.462357,29.147211,31.589827,24.516642,27.521835,28.813661,26.718752,22.842881,24.046569,24.555041,24.796705,22.952765,22.908113,22.885936,28.344144,25.268421,30.136033,25.185564,26.323382,24.265448,23.361368,25.765387,32.220931,31.413037,31.828978,29.039154,42.369721,43.546815,41.774572,34.71718,52.397839,56.327995,50.987613,50.191295,58.639431,,51.289285,,55.772701,56.261592,60.84051
营运能力,存货周转率,4.641156,3.660749,1.939424,4.617075,4.436699,3.482024,1.859014,4.502896,3.943864,2.93612,1.61032,4.299447,3.25989,2.611135,1.521878,4.094403,3.470106,2.60662,1.500056,3.726736,2.585821,2.044298,1.205251,3.207925,2.96471,2.116426,1.439287,3.496764,3.34915,2.675059,1.463762,3.441173,3.306244,2.64392,1.387953,3.742059,3.824947,3.062984,1.613194,4.121627,3.464518,2.841692,1.666761,3.265288,2.722089,2.122642,1.244477,2.935816,2.612451,2.221092,1.290308,2.475835,2.211007,1.740319,0.993957,2.932184,2.920396,2.53435,1.398529,3.392152,3.002218,2.560225,1.482096,2.881366,2.720816,2.173549,1.169947,2.888419,3.028841,2.339415,1.11936,3.167753,,1.933864,,2.674263,2.079361,1.851014
营运能力,存货周转天数,58.175153,49.170265,46.40553,77.971437,60.85605,51.694065,48.41275,79.948545,68.460772,61.305391,55.889479,83.731685,82.824877,68.935518,59.137456,87.924887,77.80742,69.054933,59.997732,96.599275,104.415578,88.049755,74.673202,112.222057,91.071296,85.049024,62.530943,102.952329,80.617461,67.288212,61.485399,104.615471,81.663642,68.080705,64.843677,96.203699,70.589211,58.766206,55.789919,87.344134,77.932906,63.342526,53.996926,110.250578,99.188516,84.799948,72.3195,122.62345,103.351204,81.041195,69.750782,145.405463,122.116265,103.429275,90.547156,122.775357,92.453185,71.024125,64.353326,106.127316,89.933484,70.30631,60.724804,124.940718,99.234929,82.813855,76.926547,124.635648,89.142983,76.942311,80.403067,113.645207,,93.07789,,134.616509,173.130037,194.487919
营运能力,总资产周转率,0.636518,0.478607,0.284754,0.846868,0.697093,0.524014,0.308144,0.937111,0.747883,0.547429,0.328847,1.053472,0.7964,0.610395,0.36359,1.103951,0.870563,0.642827,0.394253,1.228087,0.949238,0.677522,0.407903,1.210104,0.970592,0.708554,0.431382,1.234779,1.012124,0.771073,0.43628,1.234562,0.984838,0.740858,0.432674,1.196231,0.956289,0.707591,0.402119,1.148478,0.93714,0.695678,0.407408,1.130008,0.884014,0.664338,0.396544,1.05465,0.772166,0.619509,0.372125,0.908839,0.735712,0.571798,0.34189,1.122297,0.873458,0.77073,0.43989,1.093516,0.809658,0.640035,0.373394,0.933845,0.732773,0.561581,0.340788,1.085804,0.870108,0.637276,0.322364,1.316034,,0.759003,,1.26791,1.0902,0.958903
营运能力,总资产周转天数,424.182637,376.091013,316.062025,425.095519,387.322344,343.501723,292.070782,384.159394,361.018761,328.809294,273.683186,341.726922,339.025223,294.890674,247.531207,326.101177,310.143875,280.012968,228.279726,293.138784,284.438569,265.673938,220.640172,297.495071,278.180712,254.038285,208.631484,291.549918,266.765715,233.440848,206.289507,291.601312,274.156697,242.961269,208.00854,300.945087,282.341303,254.384089,223.81419,313.458184,288.110519,258.740332,220.908545,318.581579,305.424974,270.946305,226.960777,341.345403,349.66567,290.552422,241.854154,396.109337,366.99127,314.796264,263.241943,320.770449,309.116142,233.544744,204.596239,329.213258,333.474084,281.234555,241.032022,385.502597,368.463252,320.523577,264.093455,331.551397,310.306223,282.452125,279.187417,273.549109,,237.153081,,283.931684,330.214561,375.428681
营运能力,流动资产周转率,1.406116,1.155333,0.801331,1.961974,1.706435,1.289157,0.69066,1.715272,1.405244,0.996,0.556465,1.732782,1.331294,1.065322,0.621468,1.845268,1.522509,1.151701,0.662252,2.064446,1.573339,1.113038,0.671707,2.151487,1.923148,1.405695,0.839055,2.287517,2.029054,1.555097,0.831153,2.301652,1.969064,1.501797,0.864385,2.355693,2.072399,1.572724,0.862634,2.394338,2.154189,1.646284,0.89183,2.17822,1.758002,1.307061,0.748643,1.794105,1.370769,1.082233,0.624195,1.408935,1.153666,0.910883,0.533293,1.631379,1.288143,1.184223,0.656053,1.553868,1.171745,0.943317,0.542061,1.307284,1.032418,0.792808,0.475537,1.536604,1.262173,0.908922,0.438585,1.862118,,1.073179,,1.72561,1.514754,1.341568
营运能力,流动资产周转天数,192.018162,155.799129,112.312999,183.488646,158.224529,139.626033,130.310048,209.879205,192.137396,180.722828,161.735093,207.758328,202.810091,168.962841,144.818322,195.093544,177.338797,156.290494,135.899854,174.380846,171.60945,161.719532,133.986814,167.326096,140.394767,128.050503,107.263402,157.375857,133.066903,115.748334,108.283299,156.409329,137.120945,119.856395,104.12025,152.821253,130.28373,114.451095,104.331569,150.354691,125.33716,109.337094,100.916013,165.272537,153.583383,137.713444,120.217462,200.657125,196.969695,166.322774,144.185606,255.51202,234.03644,197.61031,168.762736,220.672073,209.60395,151.998319,137.183991,231.679796,230.425429,190.816016,166.032927,275.379939,261.521837,227.040965,189.259676,234.282809,213.916701,198.03663,205.205169,193.328148,,167.725902,,208.621864,237.662222,268.342615
营运能力,应付账款周转率,2.763225,1.881589,1.044638,4.109481,3.140663,2.189687,1.145572,4.235196,2.953019,2.004038,1.103949,4.040568,2.734525,1.989711,1.03149,4.213097,2.981438,2.04442,1.308182,3.852786,2.270921,1.446325,0.735131,3.505251,2.863069,1.913351,,3.011434,,1.516294,0.73712,3.117989,2.314664,1.43571,0.783263,3.451392,2.777231,1.929576,1.001632,3.042189,2.948104,1.83274,0.797167,2.688863,2.301028,1.478878,0.791575,3.445459,2.775261,1.748731,1.016335,2.661833,1.702583,1.024042,0.559744,3.911371,3.183054,2.145309,1.137842,3.947817,2.500088,1.859341,1.067441,3.22841,2.408259,1.53621,0.768123,3.707943,2.753178,2.19038,0.997568,3.161281,,1.87669,,2.956323,2.354839,4.450192
