date,股票代码,open,close,high,low,volume,amount,amplitude,change_percent,change_amount,turnover,MA5,MA10,MA20,MA60,RSI,MACD,MACD_Signal,MACD_Histogram,BB_Middle,BB_Upper,BB_Lower
2020-01-02,002216,117.3,115.78,117.3,114.58,76108,107547405.0,2.33,-0.96,-1.12,1.35,,,,,,0.0,0.0,0.0,,,
2020-01-03,002216,115.3,113.62,115.3,111.62,85452,118060247.0,3.18,-1.87,-2.16,1.51,,,,,,-0.17230769230769738,-0.03446153846153948,-0.1378461538461579,,,
2020-01-06,002216,112.26,114.9,117.7,111.7,113955,161327258.0,5.28,1.13,1.28,2.02,,,,,,-0.20323471400394055,-0.0682161735700197,-0.13501854043392086,,,
2020-01-07,002216,114.98,115.14,115.94,113.86,54035,75962156.0,1.81,0.21,0.24,0.96,,,,,,-0.20600392229582098,-0.09577372331517997,-0.11023019898064101,,,
2020-01-08,002216,115.3,118.18,118.82,113.46,99243,141595171.0,4.66,2.64,3.04,1.76,115.524,,,,,0.03668121562131432,-0.06928273552788111,0.10596395114919543,,,
2020-01-09,002216,117.7,119.7,120.66,116.74,71275,103679316.0,3.32,1.29,1.52,1.26,116.30800000000002,,,,,0.3476546858912002,0.014104748755935141,0.33354993713526504,,,
2020-01-10,002216,119.7,117.46,120.9,116.26,43757,62953539.0,3.88,-1.87,-2.24,0.77,117.076,,,,,0.40864353369931905,0.09301250574461194,0.3156310279547071,,,
2020-01-13,002216,116.66,120.9,121.7,116.02,69228,101055089.0,4.84,2.93,3.44,1.22,118.276,,,,,0.7261858670680965,0.21964717800930886,0.5065386890587876,,,
2020-01-14,002216,122.5,118.42,123.38,118.42,53551,78590005.0,4.1,-2.05,-2.48,0.95,118.93200000000002,,,,,0.7688622152394231,0.3294901854553317,0.4393720297840914,,,
2020-01-15,002216,118.18,119.3,120.74,115.54,50032,72403562.0,4.39,0.74,0.88,0.88,119.15599999999999,117.34,,,,0.8637355681914585,0.43633926200255707,0.4273963061889014,,,
2020-01-16,002216,119.3,125.3,126.34,117.7,81576,122873544.0,7.24,5.03,6.0,1.44,120.276,118.292,,,,1.406855880980757,0.6304425857981971,0.7764132951825599,,,
2020-01-17,002216,125.46,122.5,125.94,121.22,57416,86551810.0,3.77,-2.23,-2.8,1.02,121.28399999999999,119.17999999999999,,,,1.5929831245509263,0.822950693548743,0.7700324310021833,,,
2020-01-20,002216,120.66,120.58,122.1,117.78,56106,82323432.0,3.53,-1.57,-1.92,0.99,121.22,119.748,,,,1.5674932655298335,0.9718592079449611,0.5956340575848724,,,
2020-01-21,002216,120.58,115.22,120.58,114.58,63490,90615925.0,4.98,-4.45,-5.36,1.12,120.58,119.756,,,49.16067146282973,1.102081059567098,0.9979035782693886,0.10417748129770943,,,
2020-01-22,002216,113.7,113.3,114.26,110.02,55341,76031889.0,3.68,-1.67,-1.92,0.98,119.38,119.26799999999999,,,46.48526077097506,0.5717201453846883,0.9126668916924485,-0.34094674630776023,,,
2020-01-23,002216,112.1,110.82,115.46,108.1,74196,101601349.0,6.5,-2.19,-2.48,1.31,116.48400000000001,118.38000000000002,,,46.06741573033707,-0.04815487450620992,0.7205025384527168,-0.7686574129589268,,,
2020-02-03,002216,100.18,114.98,119.94,100.18,180119,250189912.0,17.83,3.75,4.16,3.18,114.97999999999999,118.13199999999999,,,50.1039501039501,-0.2014113160217903,0.5361197675578154,-0.7375310835796057,,,
2020-02-04,002216,115.46,122.34,123.14,112.42,156171,226685116.0,9.32,6.4,7.36,2.76,115.332,118.276,,,57.89473684210526,0.267933766164262,0.48248256727910477,-0.21454880111484276,,,
2020-02-05,002216,122.34,124.82,124.9,119.3,153671,228861715.0,4.58,2.03,2.48,2.72,117.252,118.91600000000001,,,57.37122557726464,0.8304356537326498,0.5520731845698138,0.278362469162836,,,
2020-02-06,002216,122.9,132.1,132.66,120.98,170905,268264685.0,9.36,5.83,7.28,3.02,121.01199999999999,120.196,118.768,,62.2047244094488,1.8424193473690593,0.810142417129663,1.0322769302393964,118.768,128.80416534025034,108.73183465974967
2020-02-07,002216,128.26,129.46,134.98,128.1,124662,199997748.0,5.21,-2.0,-2.64,2.2,124.74000000000001,120.612,119.452,,61.71875000000001,2.4036895421284186,1.1288518421294143,1.2748376999990043,119.452,130.44937308346144,108.45462691653856
2020-02-10,002216,130.5,126.5,134.34,124.9,133503,209986026.0,7.29,-2.29,-2.96,2.36,127.04400000000001,121.01199999999999,120.096,,55.52050473186119,2.579913318169204,1.4190641373373722,1.160849180831832,120.096,131.16366632559624,109.02833367440377
2020-02-11,002216,128.02,125.7,128.02,123.38,89102,136679605.0,3.67,-0.63,-0.8,1.58,127.71599999999998,121.524,120.636,,57.42251223491027,2.624761993777568,1.6602037086254113,0.9645582851521568,120.636,131.6900993110677,109.5819006889323
2020-02-12,002216,126.02,126.58,127.46,124.02,73279,113006392.0,2.74,0.7,0.88,1.3,128.068,122.66,121.208,,57.42251223491027,2.700187457644205,1.86820045842917,0.8319869992150348,121.208,132.24858274587086,110.16741725412915
2020-02-13,002216,126.66,123.46,127.14,122.5,65748,100019111.0,3.67,-2.46,-3.12,1.16,126.34,123.676,121.47200000000001,,48.00693240901213,2.4796212261135793,1.990484611966052,0.4891366141475273,121.47200000000001,132.4601038065336,110.48389619346642
2020-02-14,002216,122.5,122.1,124.02,120.1,83155,124117312.0,3.18,-1.1,-1.36,1.47,124.86799999999998,124.80400000000002,121.59199999999998,,49.55277280858676,2.170065104816217,2.0264007105360853,0.1436643942801319,121.59199999999998,132.5510041806534,110.63299581934656
2020-02-17,002216,122.1,126.42,127.7,122.02,99396,153140700.0,4.65,3.54,4.32,1.76,124.852,125.94800000000001,122.03999999999999,,56.196943972835314,2.247420678103836,2.070604704049636,0.17681597405420035,122.03999999999999,133.02032690530515,111.05967309469483
2020-02-18,002216,126.34,127.3,128.66,124.1,76811,119088544.0,3.61,0.7,0.88,1.36,125.172,126.444,122.36000000000001,,64.16510318949344,2.352614695031704,2.1270067022460495,0.2256079927856547,122.36000000000001,133.57104718335307,111.14895281664695
2020-02-19,002216,126.42,125.7,128.02,124.98,52389,80933286.0,2.39,-1.26,-1.6,0.93,124.99600000000001,126.532,122.724,,64.65028355387525,2.280585908350915,2.1577225434670226,0.12286336488389216,122.724,133.86895949320873,111.57904050679129
2020-02-20,002216,125.78,132.9,134.1,125.78,127732,205687214.0,6.62,5.73,7.2,2.26,126.88400000000001,126.612,123.404,,73.46938775510206,2.7725224896311857,2.2806825326998554,0.4918399569313303,123.404,135.30337884270037,111.50462115729962
2020-02-21,002216,132.5,131.38,132.9,128.9,91348,146564610.0,3.01,-1.14,-1.52,1.62,128.74,126.804,123.70800000000001,,68.46846846846846,3.005093628929046,2.4255647519456938,0.5795288769833524,123.70800000000001,136.11131636467059,111.30468363532943
2020-02-24,002216,133.38,144.1,144.26,132.1,187649,322315392.0,9.26,9.68,12.72,3.32,132.276,128.56400000000002,124.78800000000001,,71.86495176848874,4.167762257963801,2.7740042531493154,1.3937580048144858,124.78800000000001,140.15575242957934,109.42024757042067
2020-02-25,002216,139.86,142.26,148.18,134.58,142554,247371190.0,9.44,-1.28,-1.84,2.52,135.26799999999997,130.22,125.87199999999999,,67.75244299674267,4.8844084800512775,3.196085098529708,1.6883233815215695,125.87199999999999,142.9529806201918,108.79101937980819
2020-02-26,002216,139.78,138.34,141.94,137.54,88079,150416175.0,3.09,-2.76,-3.92,1.56,137.796,131.396,127.02799999999999,,56.81818181818183,5.077514112968203,3.5723709014174077,1.505143211550795,127.02799999999999,144.20275944825028,109.8532405517497
2020-02-27,002216,138.58,149.94,151.94,138.58,194223,352146880.0,9.66,8.39,11.6,3.43,141.204,134.044,128.85999999999999,,68.71345029239765,6.096300416672733,4.077156804468473,2.0191436122042603,128.85999999999999,147.61322288090906,110.1067771190909
2020-02-28,002216,147.94,152.5,160.82,145.7,257285,489751776.0,10.08,1.71,2.56,4.55,145.42800000000003,137.084,130.94400000000002,,73.93225331369662,7.029237829356617,4.667573009446102,2.3616648199105157,130.94400000000002,150.50251076022647,111.38548923977358
2020-03-02,002216,149.46,158.5,160.18,148.1,185432,353761776.0,7.92,3.93,6.0,3.28,148.308,140.292,133.12,,77.55376344086021,8.158698903916871,5.365798188340256,2.7929007155766152,133.12,154.7719220005012,111.4680779994988
2020-03-03,002216,156.42,158.34,159.86,152.98,151278,291118784.0,4.34,-0.1,-0.16,2.67,151.524,143.396,134.92000000000002,,77.00680272108843,8.937864145764195,6.080211379825044,2.857652765939151,134.92000000000002,158.68138929129842,111.15861070870162
2020-03-04,002216,162.1,159.3,164.42,157.3,135763,267774552.0,4.5,0.61,0.96,2.4,155.716,146.75600000000003,136.64399999999998,,81.63841807909606,9.523046438997653,6.768778391659566,2.754268047338087,136.64399999999998,162.25155677940643,111.03644322059354
2020-03-05,002216,159.22,156.1,163.3,153.78,147631,287302256.0,5.98,-2.01,-3.2,2.61,156.948,149.076,137.844,,79.06976744186045,9.617727193650694,7.338568152057793,2.2791590415929015,137.844,164.77035601824076,110.91764398175923
2020-03-06,002216,153.3,153.86,157.38,152.1,83523,158677184.0,3.38,-1.43,-2.24,1.48,157.22000000000003,151.324,139.064,,74.32624113475178,9.403614084690531,7.75157733858434,1.652036746106191,139.064,166.59518377404063,111.53281622595937
2020-03-09,002216,150.5,143.22,153.7,142.5,153898,276227072.0,7.28,-6.92,-10.64,2.72,154.16400000000002,151.236,139.9,,62.03143893591294,8.279923026847797,7.857246476237032,0.42267655061076503,139.9,166.83375577226462,112.96624422773539
2020-03-10,002216,142.5,147.14,148.5,139.78,110811,196713623.0,6.09,2.74,3.92,1.96,151.924,151.724,140.972,,65.65420560747663,7.617886750454204,7.809374531080467,-0.1914877806262627,140.972,167.22411017082342,114.7198898291766
2020-03-11,002216,148.02,152.1,153.7,147.14,103499,192073647.0,4.46,3.37,4.96,1.83,150.48399999999998,153.1,142.248,,64.49275362318839,7.408053351565144,7.729110295177403,-0.321056943612259,142.248,168.03135783121795,116.46464216878202
2020-03-12,002216,149.06,148.5,151.46,144.5,53221,96629565.0,4.58,-2.37,-3.6,0.94,148.964,152.956,143.5,,62.52927400468384,6.872052217375,7.557698679616923,-0.6856464622419232,143.5,167.83304359356453,119.16695640643546
2020-03-13,002216,142.5,151.38,152.5,140.42,80140,145704429.0,8.13,1.94,2.88,1.42,148.46800000000002,152.844,144.964,,56.22435020519836,6.603537913181839,7.366866526329907,-0.7633286131480679,144.964,167.31869704558744,122.60930295441256
2020-03-16,002216,152.66,145.38,152.66,142.98,63515,115791713.0,6.39,-3.96,-6.0,1.12,148.9,151.53199999999998,145.912,,52.49042145593871,5.83927698638459,7.061348618340844,-1.2220716319562541,145.912,166.49328081534276,125.33071918465726
2020-03-17,002216,144.9,147.94,148.5,134.5,75486,132179886.0,9.63,1.76,2.56,1.33,149.06,150.49200000000002,146.94400000000002,,57.83289817232376,5.378169115117373,6.724712717696151,-1.3465436025787776,146.94400000000002,165.57308919433586,128.31491080566417
2020-03-18,002216,148.42,149.22,157.14,145.78,83613,155844778.0,7.68,0.87,1.28,1.48,148.48399999999998,149.48399999999998,148.12,,49.293563579277865,5.057720849992165,6.3913143441553535,-1.3335934941631882,148.12,163.84572280992933,132.39427719007068
2020-03-19,002216,148.5,146.02,154.42,144.18,70360,128676371.0,6.86,-2.14,-3.2,1.24,147.988,148.476,148.776,,43.720930232558146,4.493748894694733,6.01180125426323,-1.5180523595684976,148.776,162.83468961476157,134.71731038523845
2020-03-20,002216,147.86,148.66,150.66,143.3,59378,107340101.0,5.04,1.81,2.64,1.05,147.44400000000002,147.95600000000002,149.64,,39.800995024875604,4.211278002143246,5.651696603839234,-1.4404186016959883,149.64,161.0766428640573,138.20335713594267
2020-03-23,002216,144.02,143.94,147.86,143.06,43773,78057675.0,3.23,-3.18,-4.72,0.77,147.156,148.028,149.632,,36.36363636363635,3.565452909663918,5.234447865004172,-1.6689949553402537,149.632,161.08517165909186,138.17882834090815
2020-03-24,002216,141.62,147.94,149.3,132.98,166598,286677488.0,11.34,2.78,4.0,2.95,147.156,148.108,149.916,,39.82808022922634,3.337920966443221,4.855142485291982,-1.5172215188487606,149.916,160.8703097022416,138.9616902977584
2020-03-25,002216,148.34,154.42,156.9,146.42,105011,196474602.0,7.08,4.38,6.48,1.86,148.196,148.34,150.72,,48.57916102841677,3.6385392905131084,4.611821846336207,-0.9732825558230989,150.72,160.38098175244343,141.05901824755657
2020-03-26,002216,153.54,157.3,159.22,151.38,75912,145787291.0,5.08,1.87,2.88,1.34,150.452,149.22,151.08800000000002,,52.87817938420348,4.062345222015011,4.501926521471969,-0.43958129945695745,151.08800000000002,161.17518540890754,141.0008145910925
2020-03-27,002216,157.22,155.38,161.46,155.14,52183,101180239.0,4.02,-1.22,-1.92,0.92,151.796,149.61999999999998,151.232,,61.91222570532915,4.194929980633162,4.4405272133042075,-0.24559723267104516,151.232,161.48492276685775,140.97907723314225
2020-03-30,002216,152.98,155.46,157.86,152.34,60247,115213134.0,3.55,0.05,0.08,1.07,154.1,150.628,151.07999999999998,,58.81355932203392,4.257383224785457,4.403898415600458,-0.14651519081500108,151.07999999999998,160.96269726659426,141.1973027334057
2020-03-31,002216,155.46,164.02,164.26,153.14,100733,198873977.0,7.15,5.51,8.56,1.78,157.31599999999997,152.23600000000002,151.36399999999998,,61.73228346456695,4.9406456442804085,4.511247861336448,0.42939778294396014,151.36399999999998,162.3859348764654,140.34206512353455
2020-04-01,002216,162.42,161.7,165.7,158.5,88157,175595419.0,4.39,-1.41,-2.32,1.56,158.772,153.48399999999998,151.484,,63.32794830371565,5.234590324576715,4.655916353984502,0.578673970592213,151.484,162.9144236694512,140.05357633054882
2020-04-02,002216,160.1,159.06,162.42,155.94,59827,117124244.0,4.01,-1.63,-2.64,1.06,159.12399999999997,154.788,151.632,136.08133333333333,57.7922077922078,5.1946371216797615,4.763660507523554,0.4309766141562079,151.632,163.38614390533655,139.87785609466346
2020-04-03,002216,158.34,156.26,163.22,155.7,49724,96901204.0,4.73,-1.76,-2.8,0.88,159.3,155.548,151.752,136.756,61.80555555555554,4.880774787539082,4.787083363526659,0.09369142401242225,151.752,163.6500398208671,139.8539601791329
2020-04-07,002216,157.38,164.98,166.82,157.3,111421,223973434.0,6.09,5.58,8.72,1.97,161.204,157.652,152.83999999999997,137.61200000000002,66.30934150076568,5.274862419907066,4.884639174802741,0.39022324510432504,152.83999999999997,165.41345574906413,140.26654425093582
2020-04-08,002216,180.9,181.22,181.22,174.9,141550,314280576.0,3.83,9.84,16.24,2.5,164.644,160.98,154.544,138.71733333333333,73.8095238095238,6.819006719683614,5.271512683778916,1.5474940359046983,154.544,172.11070343216602,136.977296567834
2020-04-09,002216,184.42,188.1,192.02,178.02,214940,490550416.0,7.73,3.8,6.88,3.8,169.924,164.348,156.344,139.93333333333334,79.68397291196385,8.499928815295618,5.917195910082256,2.582732905213362,156.344,179.381863936069,133.30613606393098
2020-04-10,002216,186.5,176.1,186.5,175.14,134454,299123664.0,6.04,-6.38,-12.0,2.38,173.33199999999997,166.228,157.724,140.89866666666666,67.09870388833497,8.762760328207605,6.486308793707327,2.2764515345002785,157.724,182.05380965594927,133.3941903440507
2020-04-13,002216,174.58,175.3,181.14,170.74,88618,192704429.0,5.91,-0.45,-0.8,1.57,177.14,168.22,158.92000000000002,141.8253333333333,70.54507337526205,8.805004273330042,6.95004788963187,1.8549563836981715,158.92000000000002,184.26716593729202,133.572834062708
2020-04-14,002216,176.18,177.46,177.54,172.9,90926,197116254.0,2.65,1.23,2.16,1.61,179.63600000000002,170.42000000000002,160.524,142.82533333333333,69.81740064446831,8.910067144598798,7.342051740625257,1.5680154039735417,160.524,186.31962623065317,134.72837376934683
2020-04-15,002216,177.06,178.34,180.1,172.5,91865,199821398.0,4.28,0.5,0.88,1.62,179.06,171.852,162.04399999999998,143.78266666666667,67.36353077816491,8.961041563460725,7.66584970519235,1.2951918582683746,162.04399999999998,188.296069111435,135.79193088856496
2020-04-16,002216,176.82,176.02,179.7,173.14,75281,163591767.0,3.68,-1.3,-2.32,1.33,176.644,173.28400000000002,163.384,144.74266666666668,63.70023419203746,8.713787429367216,7.875437250027324,0.8383501793398915,163.384,189.61585881408493,137.15214118591504
2020-04-17,002216,174.42,172.5,175.94,167.46,125186,261856505.0,4.82,-2.0,-3.52,2.21,175.92400000000004,174.62800000000001,164.708,145.62933333333334,62.24256292906178,8.139969661295481,7.928343732280956,0.21162592901452548,164.708,189.9022262391496,139.5137737608504
2020-04-20,002216,171.14,174.02,175.94,167.78,81754,174114946.0,4.73,0.88,1.52,1.45,175.668,176.404,165.976,146.44133333333332,63.00448430493274,7.718887710113393,7.886452527847443,-0.16756481773405074,165.976,190.30738099353613,141.64461900646387
2020-04-21,002216,174.02,171.78,175.94,169.78,59081,125189951.0,3.54,-1.29,-2.24,1.04,174.53199999999998,177.084,167.368,147.26266666666666,55.96555965559655,7.122326207505068,7.733627263778969,-0.6113010562739003,167.368,189.47503303190328,145.2609669680967
2020-04-22,002216,171.06,180.82,182.26,169.86,98951,216016110.0,7.22,5.26,9.04,1.75,175.028,177.044,169.012,148.26666666666668,63.3221850613155,7.29490820737027,7.6458834524972294,-0.35097524512695966,169.012,189.89200161322788,148.13199838677212
2020-04-23,002216,180.9,176.98,182.02,176.34,69661,153263988.0,3.14,-2.12,-3.84,1.23,175.21999999999997,175.932,170.14000000000001,149.29599999999996,62.28070175438596,7.040664381539642,7.524839638305712,-0.4841752567660702,170.14000000000001,190.11890255665708,150.16109744334295
2020-04-24,002216,178.42,175.7,179.62,171.7,51503,111191071.0,4.48,-0.72,-1.28,0.91,175.85999999999999,175.892,171.06,150.33599999999998,63.60582306830907,6.659126747267322,7.351697060098035,-0.6925703128307124,171.06,190.22748123364363,151.89251876635637
2020-04-27,002216,176.1,179.7,181.54,170.66,75777,165694972.0,6.19,2.28,4.0,1.34,176.996,176.33200000000002,172.276,151.484,61.031175059952034,6.603402085119313,7.202038065102291,-0.5986359799829772,172.276,190.30712910613423,154.2448708938658
2020-04-28,002216,179.7,187.14,188.1,175.3,121844,276182592.0,7.12,4.14,7.44,2.15,180.06799999999998,177.3,173.85999999999999,152.68666666666667,55.11049723756905,7.077994989873758,7.1772294500565845,-0.09923446018282611,173.85999999999999,191.2248598581938,156.49514014180616
2020-04-29,002216,187.94,178.66,191.86,177.54,124259,282539264.0,7.65,-4.53,-8.48,2.2,179.636,177.332,174.592,153.62533333333334,42.06989247311828,6.692698889725563,7.0803233379903805,-0.3876244482648179,174.592,191.4368344104584,157.74716558954162
2020-04-30,002216,176.26,174.1,178.74,168.18,124909,265313602.0,5.91,-2.55,-4.56,2.21,179.06,177.14,175.212,154.4466666666667,48.07987711213517,5.950797969213738,6.854418264235052,-0.9036202950213141,175.212,190.93429740812223,159.48970259187774
2020-05-06,002216,171.78,176.9,177.62,169.7,88413,190755386.0,4.55,1.61,2.8,1.56,179.3,177.57999999999998,176.10399999999998,155.19333333333333,51.479289940828394,5.525083026143619,6.588551216616766,-1.063468190473147,176.10399999999998,189.87050764106684,162.33749235893313
2020-05-07,002216,178.26,181.46,183.38,174.5,92385,205924411.0,5.02,2.58,4.56,1.63,179.652,178.32399999999998,177.364,156.05999999999997,53.54107648725212,5.49234245221524,6.369309463736462,-0.8769670115212218,177.364,187.658146318225,167.06985368177502
2020-05-08,002216,181.62,181.06,183.3,176.02,81204,180284826.0,4.01,-0.22,-0.4,1.44,178.436,179.252,178.168,156.96933333333334,52.42857142857143,5.372191376320188,6.169885846253208,-0.7976944699330195,178.168,186.76081854377756,169.57518145622245
2020-05-11,002216,180.98,183.06,183.38,178.98,66015,147672360.0,2.43,1.1,2.0,1.17,179.31599999999997,179.476,178.26,157.92533333333333,56.32183908045976,5.376378523395886,6.011184381681744,-0.6348058582858584,178.26,187.02801844024023,169.49198155975975
2020-05-12,002216,183.54,187.86,189.22,181.7,110956,255514676.0,4.11,2.62,4.8,1.96,182.06800000000004,180.564,178.248,158.9466666666667,63.48314606741573,5.701295763715706,5.949206658088537,-0.24791089437283098,178.248,186.959791404393,169.53620859560698
2020-05-13,002216,186.74,193.54,196.5,185.3,122752,291040864.0,5.96,3.02,5.68,2.17,185.39600000000002,182.348,179.12,160.11466666666666,65.96858638743453,6.343993934750102,6.02816411342085,0.3158298213292525,179.12,190.11786007893176,168.12213992106825
2020-05-14,002216,193.54,188.98,195.86,188.18,71193,167648984.0,3.97,-2.36,-4.56,1.26,186.9,183.276,179.804,161.2293333333333,63.556116015132396,6.41147547690241,6.104826386117162,0.30664909078524794,179.804,191.48210799383875,168.12589200616125
2020-05-15,002216,189.3,189.22,192.82,184.9,55155,128832155.0,4.19,0.13,0.24,0.98,188.53199999999998,183.48399999999998,180.392,162.27599999999998,57.686676427525626,6.410425682555598,6.16594624540485,0.2444794371507477,180.392,192.7383041135041,168.04569588649588
2020-05-18,002216,189.3,196.5,201.54,187.38,116916,282503776.0,7.48,3.85,7.28,2.07,191.21999999999997,185.26799999999997,181.3,163.42933333333335,66.80440771349862,6.917290650716325,6.316215126467146,0.601075524249179,181.3,195.53720847860032,167.0627915213997
2020-05-19,002216,197.06,197.7,199.94,193.38,84437,204744601.0,3.34,0.61,1.2,1.49,193.18800000000002,187.628,182.38400000000001,164.6293333333333,68.9655172413793,7.331304051403862,6.519232911454489,0.8120711399493725,182.38400000000001,198.1480262022503,166.61997379774974
2020-05-20,002216,195.86,194.34,199.46,193.62,71782,173629807.0,2.95,-1.7,-3.36,1.27,193.348,189.37199999999999,183.476,165.6533333333333,62.76150627615064,7.304091712325402,6.676204671628673,0.627887040696729,183.476,199.38230249138175,167.56969750861825
2020-05-21,002216,195.06,196.82,197.78,191.62,72514,175036770.0,3.17,1.28,2.48,1.28,194.916,190.908,184.616,166.744,59.23664122137406,7.397368749089281,6.820437487120795,0.5769312619684861,184.616,200.93166299441543,168.3003370055846
2020-05-22,002216,194.66,193.7,196.66,187.7,74039,174939189.0,4.55,-1.59,-3.12,1.31,195.81199999999998,192.17199999999997,185.712,167.57066666666665,65.98639455782313,7.137259661094191,6.883801921915476,0.2534577391787156,185.712,201.32701247955984,170.09698752044014
2020-05-25,002216,190.82,197.62,198.74,187.7,77037,185643115.0,5.7,2.02,3.92,1.36,196.036,193.628,186.552,168.49333333333334,75.3448275862069,7.164840749860474,6.940009687504475,0.2248310623559986,186.552,202.85145249322545,170.25254750677453
2020-05-26,002216,198.34,197.06,199.78,195.14,67713,164597423.0,2.35,-0.28,-0.56,1.2,195.908,194.548,187.556,169.472,72.82608695652173,7.060126893482362,6.964033128700053,0.09609376478230924,187.556,203.8466319867058,171.26536801329422
2020-05-27,002216,196.74,191.7,198.42,190.5,58103,139284419.0,4.02,-2.72,-5.36,1.03,195.38000000000002,194.36399999999998,188.356,170.16800000000003,61.387900355871864,6.4700504887020145,6.865236600700445,-0.3951861119984308,188.356,203.74147011066873,172.97052988933126
2020-05-28,002216,192.1,191.62,194.02,188.98,55456,130747726.0,2.63,-0.04,-0.08,0.98,194.34,194.628,188.952,170.82000000000002,61.82795698924731,5.927625379672321,6.677714356494821,-0.7500889768225001,188.952,203.84112227450726,174.06287772549274
2020-05-29,002216,191.62,195.78,200.58,190.26,84883,205741293.0,5.39,2.17,4.16,1.5,194.756,195.28400000000002,189.384,171.44133333333335,63.58974358974359,5.766949007872199,6.495561286770297,-0.7286122788980975,189.384,204.55054267926837,174.2174573207316
2020-06-01,002216,196.02,200.82,201.22,193.38,86989,212687241.0,4.0,2.57,5.04,1.54,195.39600000000002,195.716,190.492,172.14933333333335,63.77551020408162,5.977394027027373,6.391927834821712,-0.41453380779433946,190.492,205.59751464305478,175.3864853569452
2020-06-02,002216,199.94,189.46,199.94,186.02,142711,335865008.0,6.93,-5.66,-11.36,2.52,193.876,194.892,191.26,172.652,46.130500758725354,5.167943326627295,6.147130933182829,-0.9791876065555343,191.26,204.27343111841174,178.24656888158825
2020-06-03,002216,187.3,183.14,187.7,181.86,144365,326795024.0,3.08,-3.34,-6.32,2.55,192.16400000000002,193.772,191.572,173.10266666666666,44.64023494860499,3.970704819742565,5.711845710494776,-1.7411408907522112,191.572,203.3791122187998,179.7648877812002
2020-06-04,002216,183.14,184.66,185.22,181.3,58785,132903460.0,2.14,0.83,1.52,1.04,190.772,192.55599999999998,191.732,173.616,45.91104734576757,3.1087008064312442,5.19121672968207,-2.082515923250826,191.732,203.03825090264883,180.42574909735117
2020-06-05,002216,184.5,181.14,184.5,177.38,89334,198287799.0,3.86,-1.91,-3.52,1.58,187.844,191.3,191.736,174.248,35.230769230769226,2.1171170261283123,4.576396788971318,-2.459279762843006,191.736,203.02639908855795,180.44560091144203
2020-06-08,002216,181.3,178.5,181.94,177.14,77492,170427876.0,2.65,-1.46,-2.64,1.37,183.38,189.38799999999998,191.50799999999998,174.77066666666667,32.03592814371258,1.105510166618842,3.8822194645008232,-2.776709297881981,191.50799999999998,203.68542795416627,179.3305720458337
2020-06-09,002216,178.1,179.3,181.14,177.86,52563,116043812.0,1.84,0.45,0.8,0.93,181.348,187.61200000000002,191.07999999999998,175.224,35.220125786163536,0.364159947155656,3.17860756103179,-2.814447613876134,191.07999999999998,204.3499898861646,177.81001011383538
2020-06-10,002216,178.98,180.74,182.9,177.38,61871,137584226.0,3.08,0.8,1.44,1.09,180.868,186.51600000000002,190.44,175.76133333333334,33.86837881219907,-0.105948172904192,2.5216964142445937,-2.6276445871487857,190.44,204.4257973071167,176.45420269288329
2020-06-11,002216,181.7,179.54,182.1,177.78,53816,119060329.0,2.39,-0.66,-1.2,0.95,179.844,185.308,189.968,176.23066666666668,35.22537562604343,-0.5687856097270867,1.9036000094502574,-2.472385619177344,189.968,204.77436221714257,175.1616377828574
2020-06-12,002216,175.62,179.7,181.3,175.38,49572,108945293.0,3.3,0.09,0.16,0.88,179.55599999999998,183.7,189.49200000000002,176.80266666666665,29.71014492753622,-0.9121621131099289,1.3404475849382202,-2.252609698048149,189.49200000000002,204.9953138732529,173.98868612674713
2020-06-15,002216,179.54,184.82,187.06,179.54,113039,256495081.0,4.18,2.85,5.12,2.0,180.82,182.1,188.908,177.41733333333335,37.4384236453202,-0.7623612298559408,0.9198858219793881,-1.6822470518353287,188.908,204.17799065935557,173.6380093406444
2020-06-16,002216,184.82,186.66,187.38,180.74,84158,191799775.0,3.59,1.0,1.84,1.49,182.29199999999997,181.82,188.356,178.0413333333333,44.42477876106196,-0.48952736143920106,0.6380031852956703,-1.1275305467348713,188.356,203.0760549198048,173.6359450801952
2020-06-17,002216,186.5,192.82,193.3,183.46,101449,235874687.0,5.27,3.3,6.16,1.79,184.708,182.788,188.28,178.8213333333333,51.17004680187206,0.22120603816296125,0.5546437558691285,-0.33343771770616726,188.28,202.8852160833748,173.67478391662522
2020-06-18,002216,192.82,185.86,194.02,184.58,85713,197919487.0,4.9,-3.61,-6.96,1.52,185.972,182.908,187.732,179.44133333333332,40.82840236686392,0.22031390351321534,0.4877777853979459,-0.2674638818847306,187.732,201.8006461399273,173.6633538600727
2020-06-19,002216,184.5,187.06,192.98,184.42,94834,220761556.0,4.61,0.65,1.2,1.68,187.44400000000002,183.5,187.4,180.16,36.305732484076444,0.31283073359085734,0.4527883750365282,-0.13995764144567086,187.4,201.1862051570236,173.6137948429764
2020-06-22,002216,189.06,184.82,190.74,184.34,77084,176811560.0,3.42,-1.2,-2.24,1.36,187.44400000000002,184.132,186.76000000000002,180.77466666666666,44.35797665369649,0.20306094822618093,0.4028428896744588,-0.19978194144827788,186.76000000000002,199.7117192518566,173.80828074814343
2020-06-23,002216,185.3,187.46,189.78,182.9,93632,215064244.0,3.72,1.43,2.64,1.66,187.60399999999998,184.948,186.28,181.32533333333333,55.769230769230795,0.32534318535385864,0.3873429488103388,-0.06199976345648017,186.28,198.30270133407572,174.25729866592428
2020-06-24,002216,188.02,188.18,189.54,185.78,58466,135132364.0,2.01,0.38,0.72,1.03,186.676,185.69199999999998,186.10399999999998,181.84000000000003,54.803493449781676,0.4748766396806161,0.40484968698439433,0.07002695269622178,186.10399999999998,197.89341969912303,174.31458030087694
2020-06-29,002216,188.26,192.58,193.78,187.78,98252,232205880.0,3.19,2.34,4.4,1.74,188.02,186.996,186.152,182.46,65.24520255863543,0.9376179313647697,0.5114033358604695,0.4262145955043002,186.152,198.0433566133233,174.26064338667666
2020-06-30,002216,194.02,194.18,194.58,190.74,67259,159650470.0,1.99,0.83,1.6,1.19,189.44400000000002,188.44400000000002,186.072,183.10533333333333,71.49122807017544,1.4171147504179942,0.6925456187719745,0.7245691316460197,186.072,197.70944518897,174.43455481103
2020-07-01,002216,201.38,201.38,206.98,195.46,124493,309649616.0,5.93,3.71,7.2,2.2,192.756,190.1,186.1,183.728,75.74626865671641,2.3509984149136187,1.0242361780003035,1.3267622369133152,186.1,197.8885653785427,174.3114346214573
2020-07-02,002216,221.22,221.22,221.22,215.38,148000,402017520.0,2.9,9.85,19.84,2.62,199.50799999999998,193.556,187.68800000000002,184.71999999999997,83.02872062663184,4.638559708579265,1.747100884116096,2.8914588244631694,187.68800000000002,207.32576554981344,168.0502344501866
2020-07-03,002216,226.82,221.06,226.82,215.62,198910,541412880.0,5.06,-0.07,-0.16,3.52,206.084,196.38,189.584,185.75333333333336,84.46215139442234,6.365183973319262,2.6707175019567293,3.6944664713625324,189.584,214.0913929984181,165.07660700158192
2020-07-06,002216,219.54,221.06,224.42,217.46,150396,410536688.0,3.15,0.0,0.0,2.66,211.78000000000003,199.9,191.404,186.83333333333334,84.42077230359523,7.645414562807048,3.665656914126793,3.9797576486802546,191.404,219.51338513435581,163.29461486564418
2020-07-07,002216,220.9,221.22,225.3,215.86,183364,496446592.0,4.27,0.07,0.16,3.24,217.18800000000002,203.316,193.40800000000002,187.77066666666667,83.01886792452832,8.574080528214239,4.647341636944283,3.926738891269956,193.40800000000002,224.03814380432533,162.7778561956747
2020-07-08,002216,219.06,219.14,221.38,216.58,119840,323617216.0,2.17,-0.94,-2.08,2.12,220.74,206.748,195.44,188.40266666666668,79.33526011560693,9.038031577713156,5.525479625098058,3.512551952615098,195.44,227.27438723340344,163.60561276659655
2020-07-09,002216,219.94,224.9,229.38,219.38,145597,401157760.0,4.56,2.63,5.76,2.58,221.47600000000003,210.49200000000002,197.72,189.01600000000002,79.18486171761282,9.758015658343766,6.371986831747199,3.386028826596567,197.72,231.17761812392328,164.26238187607672
2020-07-10,002216,219.62,230.18,235.86,219.62,137520,388683920.0,7.22,2.35,5.28,2.43,223.3,214.692,200.192,189.91733333333335,91.59159159159157,10.632099873557593,7.224009440109278,3.408090433448315,200.192,235.61522615994923,164.76877384005078
2020-07-13,002216,231.78,234.98,238.98,227.94,133222,384713072.0,4.8,2.09,4.8,2.36,226.084,218.93199999999996,202.964,190.912,92.12376933895918,11.578666140479413,8.094940780183306,3.4837253602961074,202.964,240.21236606801438,165.71563393198562
2020-07-14,002216,234.18,231.62,234.18,225.62,100681,284242288.0,3.64,-1.43,-3.36,1.78,228.164,222.67600000000002,205.56,191.81466666666665,90.3448275862069,11.920293088746035,8.860011241895853,3.0602818468501827,205.56,243.21637431187116,167.90362568812884
2020-07-15,002216,231.78,233.38,238.18,230.18,113572,328679472.0,3.45,0.76,1.76,2.01,231.012,225.87599999999998,207.988,192.732,90.19607843137256,12.192504594211385,9.52650991235896,2.6659946818524247,207.988,246.27064171712902,169.70535828287098
2020-07-16,002216,231.7,217.14,236.1,216.5,131916,368422960.0,8.4,-6.96,-16.24,2.33,229.45999999999998,225.468,209.512,193.41733333333332,69.9339207048458,10.971331219926839,9.815474173872538,1.155857046054301,209.512,246.6287067504643,172.3952932495357
2020-07-17,002216,215.78,238.58,238.58,215.78,218436,634069744.0,10.5,9.87,21.44,3.86,231.13999999999996,227.21999999999997,211.8,194.51866666666666,75.64674397859054,11.599855428451178,10.172350424788267,1.4275050036629118,211.8,250.20357439504494,173.39642560495508
2020-07-20,002216,242.42,237.22,242.42,221.38,207240,587977984.0,8.82,-0.57,-1.36,3.67,231.58800000000002,228.836,214.368,195.572,74.06082289803219,11.851606812013529,10.50820170223332,1.3434051097802087,214.368,252.33436827509263,176.40163172490736
2020-07-21,002216,234.18,229.62,235.38,225.86,134841,382202880.0,4.01,-3.2,-7.6,2.39,231.18800000000002,229.676,216.496,196.536,65.71682991985753,11.307519071932632,10.668065176173183,0.6394538957594484,216.496,252.75005466978774,180.24194533021227
2020-07-22,002216,229.38,231.86,234.9,218.98,98576,281613664.0,6.93,0.98,2.24,1.74,230.88400000000001,230.948,218.848,197.38666666666668,57.36434108527132,10.931068345978275,10.720665810134202,0.2104025358440733,218.848,252.456390932215,185.23960906778504
2020-07-23,002216,230.5,242.1,242.9,227.86,142591,419992928.0,6.49,4.42,10.24,2.52,235.87600000000003,232.66799999999998,221.58,198.472,62.77939747327501,11.328423835945898,10.842217415296542,0.4862064206493564,221.58,253.27396821246262,189.8860317875374
2020-07-24,002216,238.98,221.46,238.98,219.78,167499,468806896.0,7.93,-8.53,-20.64,2.96,232.452,231.796,223.24399999999997,199.23466666666667,50.19425019425019,9.864147666137683,10.646603465464771,-0.7824557993270886,223.24399999999997,250.77575269240492,195.71224730759502
2020-07-27,002216,218.98,221.86,226.1,218.02,63321,173083096.0,3.65,0.18,0.4,1.12,229.38000000000002,230.484,224.708,199.93733333333333,50.31007751937985,8.636419639465856,10.24456670026499,-1.6081470607991335,224.708,248.1903845287878,201.2256154712122
2020-07-28,002216,224.42,228.02,231.94,220.18,84090,236248991.0,5.3,2.78,6.16,1.49,229.06,230.12400000000002,226.4,200.61866666666666,54.138702460850126,8.067499736637899,9.809153307539571,-1.741653570901672,226.4,244.98697676501257,207.81302323498744
2020-07-29,002216,227.06,228.98,232.58,225.22,79522,223734368.0,3.23,0.42,0.96,1.41,228.484,229.68400000000003,227.78000000000003,201.45733333333334,51.99063231850117,7.6064086476799275,9.368604375567642,-1.7621957278877147,227.78000000000003,242.16989118864393,213.39010881135613
2020-07-30,002216,228.98,223.14,230.9,221.78,87268,242755821.0,3.98,-2.55,-5.84,1.54,224.692,230.28400000000002,227.87599999999998,202.27466666666666,46.583850931677006,6.692603280004278,8.83340415645497,-2.140800876450692,227.87599999999998,242.10635510153375,213.6456448984662
2020-07-31,002216,223.22,224.66,226.58,219.78,77429,213305118.0,3.05,0.68,1.52,1.37,225.33200000000002,228.892,228.05599999999998,203.07066666666665,44.827586206896555,6.02164348162583,8.271052021489142,-2.249408539863312,228.05599999999998,242.01176530553292,214.10023469446705
2020-08-03,002216,224.66,225.46,228.98,223.14,93670,260325921.0,2.6,0.36,0.8,1.66,226.052,227.71599999999998,228.276,203.80400000000003,46.83127572016461,5.491157673988852,7.715073151989085,-2.223915478000233,228.276,241.90223846616524,214.64976153383478
2020-08-04,002216,225.46,221.14,229.22,218.98,109175,300394064.0,4.54,-1.92,-4.32,1.93,224.67600000000002,226.868,228.272,204.472,43.86527666399359,4.66834221018226,7.10572696362772,-2.4373847534454596,228.272,241.90700386968314,214.63699613031685
2020-08-05,002216,219.14,222.18,224.18,217.22,87500,238375901.0,3.15,0.47,1.04,1.55,223.31599999999997,225.9,228.42400000000004,205.124,52.98013245033113,4.053448701955659,6.495271311293308,-2.441822609337649,228.42400000000004,241.69323850589308,215.154761494107
2020-08-06,002216,222.02,221.38,224.42,219.62,72056,197048836.0,2.16,-0.36,-0.8,1.27,222.964,223.82800000000003,228.248,205.68266666666665,36.54568210262828,3.461683717425302,5.888553792519708,-2.4268700750944054,228.248,241.8043162206273,214.69168377937268
2020-08-07,002216,219.62,223.62,224.1,217.38,80790,220199580.0,3.04,1.01,2.24,1.43,222.756,224.044,227.92000000000002,206.18400000000003,39.506172839506185,3.137290254133177,5.338301084842401,-2.201010830709224,227.92000000000002,241.59640457522454,214.2435954247755
2020-08-10,002216,223.46,230.26,233.94,219.06,116400,326622176.0,6.65,2.97,6.64,2.06,223.71599999999998,224.88400000000001,227.68400000000003,206.872,50.50125313283206,3.377069845523863,4.9460548369786945,-1.5689849914548315,227.68400000000003,241.0057454206493,214.36225457935075
2020-08-11,002216,230.18,252.98,252.98,228.58,246090,755808800.0,10.6,9.87,22.72,4.35,230.084,227.38000000000002,228.752,207.93466666666666,62.52371916508537,5.338867874727157,5.0246174445283875,0.3142504301987694,228.752,246.19097824143438,211.31302175856564
2020-08-12,002216,251.46,244.98,252.58,235.46,193175,582046464.0,6.77,-3.16,-8.0,3.42,234.644,228.98000000000002,229.33200000000002,208.74266666666665,51.754385964912274,6.1768706853595745,5.255068092694625,0.9218025926649496,229.33200000000002,248.13716121762886,210.5268387823712
2020-08-13,002216,244.42,252.26,257.06,242.98,132931,409364704.0,5.75,2.97,7.28,2.35,240.82,231.892,231.08799999999997,209.65200000000002,72.40977881257272,7.34377464599342,5.672809403354384,1.6709652426390367,231.08799999999997,251.58261813822196,210.59338186177797
2020-08-14,002216,247.94,262.98,265.06,245.86,128703,409078736.0,7.61,4.25,10.72,2.28,248.692,235.724,232.308,210.796,76.01214574898783,9.029482596393251,6.344144041962157,2.6853385544310937,232.308,257.12879399891955,207.48720600108044
2020-08-17,002216,262.98,261.78,265.78,256.42,121231,388699680.0,3.56,-0.46,-1.2,2.14,254.996,239.356,233.536,211.87866666666667,72.78617710583147,10.151567371249001,7.105628707819527,3.0459386634294745,233.536,261.5985334790556,205.47346652094438
2020-08-18,002216,260.18,282.1,287.38,259.14,176918,604702176.0,10.79,7.76,20.32,3.13,260.82,245.452,236.16,213.352,78.42465753424653,12.535974902873903,8.191697946830402,4.344276956043501,236.16,271.5408511991855,200.77914880081448
2020-08-19,002216,281.38,297.38,301.54,279.78,169394,610862256.0,7.71,5.42,15.28,3.0,271.3,252.97200000000004,239.436,215.01466666666664,86.08087091757382,15.48015772790336,9.649389903044995,5.830767824858366,239.436,284.0650603460165,194.8069396539835
2020-08-20,002216,296.58,287.06,296.58,274.26,151087,528724576.0,7.51,-3.47,-10.32,2.67,278.26,259.54,241.68400000000003,216.51466666666664,77.93696275071629,16.787193756312206,11.076950673698438,5.7102430826137685,241.68400000000003,291.1457455158393,192.22225448416077
2020-08-21,002216,287.14,313.94,313.94,284.66,178047,656045520.0,10.2,9.36,26.88,3.15,288.45200000000006,268.572,246.30800000000005,218.55200000000002,82.11382113821135,19.764191285620427,12.814398796082836,6.949792489537591,246.30800000000005,304.35516253095153,188.26083746904857
2020-08-24,002216,306.98,324.98,326.02,298.98,138652,529013664.0,8.61,3.52,11.04,2.45,301.092,278.044,251.464,220.77466666666666,85.93576965669986,22.752047568860547,14.80192855063838,7.950119018222168,251.464,318.05764483666246,184.87035516333754
2020-08-25,002216,316.98,296.1,322.66,295.06,191190,731712560.0,8.49,-8.89,-28.88,3.38,303.892,282.356,254.86800000000002,222.44666666666666,71.44846796657382,22.529860354090147,16.347514911328734,6.182345442761413,254.86800000000002,323.349109681122,186.38689031887805
2020-08-26,002216,290.9,279.14,290.98,274.42,211981,735154272.0,5.59,-5.73,-16.96,3.75,300.24399999999997,285.772,257.376,223.75199999999998,65.32258064516128,20.74609703363933,17.227231335790854,3.518865697848476,257.376,325.53840124260483,189.21359875739512
2020-08-27,002216,278.98,285.94,288.02,274.58,116239,407478896.0,4.81,2.44,6.8,2.06,300.02,289.14,260.516,225.36,66.14173228346456,19.654589052845836,17.712702879201853,1.941886173643983,260.516,327.8183701467369,193.21362985326311
2020-08-28,002216,282.9,294.66,300.18,281.46,107322,384335904.0,6.55,3.05,8.72,1.9,296.164,292.308,264.01599999999996,227.21866666666665,66.50266502665025,19.27104759720595,18.024371822802674,1.2466757744032755,264.01599999999996,330.7453084507531,197.28669154924683
2020-08-31,002216,292.66,288.18,300.34,284.98,115650,417289184.0,5.21,-2.2,-6.48,2.05,288.80400000000003,294.948,267.152,228.944,59.83899821109122,18.234015999799112,18.066300658201964,0.16771534159714818,267.152,332.12397245128466,202.18002754871532
2020-09-01,002216,285.22,283.38,290.58,278.26,109148,381664224.0,4.28,-1.67,-4.8,1.93,286.26,295.076,270.264,230.64800000000002,60.92896174863387,16.83082581949691,17.819205690460954,-0.9883798709640459,270.264,331.8295400537121,208.6984599462879
2020-09-02,002216,284.98,279.86,292.5,276.42,122673,427981088.0,5.67,-1.24,-3.52,2.17,286.404,293.32399999999996,273.148,232.33733333333333,58.0269892973476,15.25885828997815,17.307136210364394,-2.0482779203862442,273.148,330.4884655865662,215.80753441343387
2020-09-03,002216,280.58,277.78,293.46,274.98,178038,626156432.0,6.6,-0.74,-2.08,3.15,284.77200000000005,292.396,275.96799999999996,233.9786666666667,54.53209211170993,13.68744374930128,16.583197718151773,-2.8957539688504923,275.96799999999996,327.8791474084625,224.05685259153742
2020-09-04,002216,264.74,270.02,271.54,258.26,141549,461810768.0,4.78,-2.79,-7.76,2.5,279.844,288.004,278.288,235.46666666666667,52.42581252943946,11.681264906898605,15.60281115590114,-3.9215462490025352,278.288,324.14260298309006,232.43339701690994
2020-09-07,002216,268.66,253.3,271.14,251.78,148611,474172080.0,7.17,-6.19,-16.72,2.63,272.868,280.83599999999996,279.43999999999994,236.696,41.33782483156881,8.642563364766602,14.210761597674233,-5.568198232907632,279.43999999999994,321.18794340979366,237.69205659020622
2020-09-08,002216,257.3,256.66,258.82,247.14,95220,298143504.0,4.61,1.33,3.36,1.68,267.524,276.892,279.624,237.97866666666667,36.80663556246762,6.431357730734192,12.654880824286227,-6.223523093552036,279.624,320.91080400882504,238.337195991175
2020-09-09,002216,254.1,245.06,255.86,242.02,82883,252637902.0,5.39,-4.52,-11.6,1.47,260.56399999999996,273.48400000000004,279.628,238.98266666666666,36.503856041131115,3.7002837128372335,10.863961401996429,-7.163677689159195,279.628,320.900684786353,238.35531521364697
2020-09-10,002216,250.02,243.38,252.58,241.86,78345,238940607.0,4.37,-0.69,-1.68,1.39,253.68400000000003,269.228,279.184,239.928,22.944785276073645,1.3843677875579488,8.968042679108732,-7.583674891550784,279.184,321.8634201114847,236.50457988851537
2020-09-11,002216,240.98,250.66,253.78,240.98,87822,270588032.0,5.26,2.99,7.28,1.55,249.81199999999998,264.828,278.568,240.892,20.656980416929912,0.13486821319321507,7.201407785925629,-7.066539572732414,278.568,322.5673806654973,234.56861933450267
2020-09-14,002216,253.38,251.38,253.38,244.18,78168,240833257.0,3.67,0.29,0.72,1.38,249.42800000000003,261.148,278.048,241.98399999999998,27.294882209585722,-0.7881855070434653,5.603489127331811,-6.391674634375276,278.048,323.11562992845745,232.98037007154258
2020-09-15,002216,251.38,251.86,256.98,248.74,75231,233777689.0,3.28,0.19,0.48,1.33,248.468,257.996,276.536,243.064,33.36585365853662,-1.4641029743851277,4.189970706988423,-5.654073681373551,276.536,323.03750711762467,230.03449288237536
2020-09-16,002216,253.06,248.1,256.18,245.38,80655,248168731.0,4.29,-1.49,-3.76,1.43,249.07600000000002,254.82000000000002,274.072,244.11866666666668,26.03850050658565,-2.2769260274375824,2.8965913601032223,-5.173517387540805,274.072,321.14207345157655,227.00192654842346
2020-09-17,002216,247.3,237.78,249.38,233.78,132874,389891328.0,6.29,-4.16,-10.32,2.35,247.956,250.82,271.608,244.9573333333333,14.697120158887813,-3.7110531940463716,1.5750624492733034,-5.286115643319675,271.608,320.9212977048411,222.2947022951589
2020-09-18,002216,236.98,261.3,261.3,236.58,199236,627096960.0,10.4,9.89,23.52,3.52,250.084,249.948,268.976,246.176,36.229508196721326,-2.916126578779142,0.6768246436628143,-3.5929512224419566,268.976,314.22796007386074,223.72403992613926
2020-09-21,002216,261.54,272.58,276.02,258.74,171658,571208672.0,6.61,4.32,11.28,3.04,254.324,251.87600000000003,266.356,247.50933333333333,44.81168332052267,-1.360259554523907,0.2694078040254701,-1.629667358549377,266.356,303.2513492433592,229.46065075664083
2020-09-22,002216,267.38,278.34,285.54,267.22,160796,552989824.0,6.72,2.11,5.76,2.84,259.62,254.044,265.46799999999996,248.912,49.28517682468019,0.33371329416064555,0.2822689020525052,0.051444392108140335,265.46799999999996,300.13683059373085,230.79916940626907
2020-09-23,002216,280.98,275.54,282.1,269.22,102053,345482192.0,4.63,-1.01,-2.8,1.81,265.10800000000006,257.092,265.288,250.148,48.95366218236176,1.4337351751054257,0.5125621566630894,0.9211730184423363,265.288,299.69433576904987,230.88166423095012
2020-09-24,002216,273.46,267.78,278.98,265.14,82794,276070672.0,5.02,-2.82,-7.76,1.46,271.108,259.532,264.38,250.924,48.95366218236173,1.660205478693399,0.7420908210691514,0.9181146576242477,264.38,297.423022673,231.33697732700003
2020-09-25,002216,270.02,268.58,275.7,264.1,66327,220847817.0,4.33,0.3,0.8,1.17,272.56399999999996,261.32399999999996,263.076,251.716,58.38454784899032,1.8825374204938043,0.970180140954082,0.9123572795397223,263.076,292.9987063228609,233.15329367713915
2020-09-28,002216,272.58,267.46,273.86,262.18,58686,193678487.0,4.35,-0.42,-1.12,1.04,271.54,262.93199999999996,262.03999999999996,252.48933333333332,56.07560756075605,1.945930965545415,1.1653303058723488,0.7806006596730661,262.03999999999996,289.6483221625572,234.43167783744278
2020-09-29,002216,267.54,286.18,288.58,267.54,121311,423225712.0,7.87,7.0,18.72,2.15,273.108,266.364,262.17999999999995,253.572,71.41666666666666,3.466755754796168,1.6256153956571127,1.8411403591390552,262.17999999999995,290.2681859413108,234.09181405868912
2020-09-30,002216,284.58,281.14,288.74,275.62,92911,322966800.0,4.58,-1.76,-5.04,1.64,274.22799999999995,269.668,262.244,254.60533333333336,69.00161030595811,4.216726677943711,2.1438376521144327,2.0728890258292787,262.244,290.5070935841662,233.98090641583383
2020-10-09,002216,286.98,283.86,287.38,273.78,97636,337652288.0,4.84,0.97,2.72,1.73,277.44399999999996,274.276,262.548,255.588,67.51054852320675,4.973236926245079,2.709717506940562,2.263519419304517,262.548,291.63352731080073,233.46247268919925
2020-10-12,002216,281.38,283.62,284.82,270.98,160029,548523088.0,4.88,-0.08,-0.24,2.83,280.452,276.508,263.22799999999995,256.47866666666664,67.0907548770144,5.490124021908628,3.265798809934175,2.2243252119744525,263.22799999999995,293.65408963580893,232.80191036419095
2020-10-13,002216,277.22,278.58,280.34,273.3,103725,354494944.0,2.48,-1.78,-5.04,1.83,282.676,277.108,264.492,257.20533333333333,63.51132686084139,5.430475746181685,3.6987341971836774,1.7317415489980075,264.492,295.2797717352364,233.70422826476363
2020-10-14,002216,276.98,275.46,277.62,274.02,67604,230215445.0,1.29,-1.12,-3.12,1.2,280.532,276.82,265.43199999999996,257.936,63.92508143322474,5.072968114245384,3.9735809805960187,1.0993871336493655,265.43199999999996,296.3606020580162,234.50339794198374
2020-10-15,002216,275.94,274.98,280.98,272.18,69360,236255154.0,3.19,-0.17,-0.48,1.23,279.3,276.764,266.928,258.62933333333336,71.04072398190044,4.696767341483394,4.118218252773493,0.5785490887099005,266.928,296.575519182626,237.28048081737398
2020-10-16,002216,274.98,273.46,276.42,268.98,57603,193869797.0,2.71,-0.55,-1.52,1.02,277.21999999999997,277.332,268.432,259.568,59.15662650602406,4.227245170897959,4.140023636398387,0.08722153449957215,268.432,296.0308234684392,240.8331765315608
2020-10-19,002216,274.02,270.18,274.9,269.46,43931,147529007.0,1.99,-1.2,-3.28,0.78,274.532,277.49199999999996,269.408,260.0946666666667,47.94520547945208,3.5495597646456076,4.021930862047831,-0.47237109740222305,269.408,295.7107375801549,243.10526241984513
2020-10-20,002216,267.94,275.94,276.18,260.58,79894,267308049.0,5.77,2.13,5.76,1.41,274.004,278.34000000000003,270.636,260.74,47.94520547945208,3.4376460159903672,3.9050738928363384,-0.4674278768459712,270.636,295.65687583136105,245.615124168639
2020-10-21,002216,275.22,278.98,279.46,268.74,81866,279364672.0,3.88,1.1,3.04,1.45,274.70799999999997,277.62,271.99199999999996,261.56266666666664,52.933151432469295,3.5532959734144356,3.8347183089519583,-0.2814223355375227,271.99199999999996,295.62970190984964,248.35429809015028
2020-10-22,002216,275.14,269.86,277.62,269.46,47965,161340336.0,2.92,-3.27,-9.12,0.85,273.684,276.492,273.08000000000004,262.196,51.73333333333337,2.8758901454884267,3.6429526762592523,-0.7670625307708256,273.08000000000004,293.9256099126781,252.23439008732197
2020-10-23,002216,267.86,255.14,270.5,250.34,92334,295364960.0,7.47,-5.45,-14.72,1.63,270.02,273.62,273.948,262.4133333333333,40.90909090909092,1.138140392606374,3.141990219528677,-2.003849826922303,273.948,289.3359482576109,258.5600517423891
2020-10-26,002216,250.18,257.46,261.38,239.46,79004,243053274.0,8.59,0.91,2.32,1.4,267.476,271.004,273.756,263.0133333333333,43.3439829605964,-0.051243492330968365,2.503343477156748,-2.5545869694877164,273.756,289.88634068227566,257.6256593177243
2020-10-27,002216,257.14,253.78,262.42,250.98,77785,247163427.0,4.44,-1.43,-3.68,1.38,263.044,268.524,272.81600000000003,263.5453333333333,23.035952063914806,-1.2760742455744207,1.7474599326105142,-3.023534178184935,272.81600000000003,291.2601009254269,254.37189907457315
2020-10-28,002216,254.98,251.86,254.98,247.78,55823,173319895.0,2.84,-0.76,-1.92,0.99,257.62,266.164,271.492,263.9426666666667,24.297752808988818,-2.3743197161147123,0.9231040028654691,-3.2974237189801814,271.492,291.9574158598293,251.02658414017068
2020-10-29,002216,247.78,258.58,262.1,247.06,65006,206306054.0,5.97,2.67,6.72,1.15,255.36399999999998,264.524,270.644,264.436,29.26509186351703,-2.671642295984043,0.2041547430955667,-2.8757970390796097,270.644,291.79712235257773,249.49087764742228
2020-10-30,002216,258.98,249.46,259.38,247.86,52343,162989238.0,4.46,-3.53,-9.12,0.93,254.228,262.12399999999997,269.728,264.87466666666666,25.54410080183274,-3.6016626386624466,-0.557008733256036,-3.0446539054064106,269.728,292.8941618927709,246.5618381072291
2020-11-02,002216,246.98,245.3,253.38,243.46,78532,239443164.0,3.98,-1.67,-4.16,1.39,251.796,259.636,268.56399999999996,265.2186666666667,25.870069605568446,-4.621118318667868,-1.3698306503384026,-3.2512876683294656,268.56399999999996,294.18265635985176,242.94534364014814
2020-11-03,002216,247.46,246.26,249.38,242.66,56041,169412122.0,2.74,0.39,0.96,0.99,250.292,256.668,267.504,265.56533333333334,28.14371257485027,-5.290593642675901,-2.1539832488059023,-3.136610393869999,267.504,295.0005126209808,240.0074873790192
2020-11-04,002216,246.18,250.34,251.78,244.58,60721,186696383.0,2.92,1.66,4.08,1.07,249.988,253.804,265.712,266.05199999999996,32.49999999999997,-5.429349595757117,-2.8090565181961455,-2.620293077560971,265.712,292.75139083711156,238.6726091628884
2020-11-05,002216,258.58,257.86,260.58,248.5,93236,292144240.0,4.83,3.0,7.52,1.65,249.844,252.60399999999998,264.548,266.64666666666665,39.79057591623038,-4.876302555057123,-3.2225057255683414,-1.6537968294887815,264.548,290.78334746943665,238.31265253056335
2020-11-06,002216,254.18,254.1,256.9,250.98,68075,213186061.0,2.3,-1.46,-3.76,1.2,250.772,252.5,263.06,267.192,39.542143600416225,-4.68737621200097,-3.5154798228548674,-1.1718963891461027,263.06,288.0286894456147,238.0913105543853
2020-11-09,002216,252.26,252.9,256.82,249.62,78318,244622569.0,2.83,-0.47,-1.2,1.39,252.292,252.044,261.524,267.68,34.07079646017698,-4.581666100352976,-3.7287170783544896,-0.8529490219984863,261.524,284.895798030059,238.15220196994105
2020-11-10,002216,250.98,240.9,251.78,239.78,115909,349185776.0,4.74,-4.74,-12.0,2.05,251.22000000000003,250.756,259.64,267.8573333333333,26.574803149606282,-5.403897025980825,-4.063753067879757,-1.3401439581010681,259.64,283.2958554006575,235.98414459934247
2020-11-11,002216,240.9,242.9,247.78,240.34,76183,230097640.0,3.09,0.83,2.0,1.35,249.73200000000003,249.86000000000004,258.01200000000006,267.68933333333337,31.823085221143458,-5.826968013000027,-4.416396056903811,-1.4105719560962156,258.01200000000006,281.56505375217006,234.45894624783008
2020-11-12,002216,244.42,233.22,244.5,232.66,101992,297121296.0,4.87,-3.99,-9.68,1.8,244.804,247.324,255.92399999999998,267.49333333333334,34.143518518518505,-6.86422342433417,-4.905961530389883,-1.9582618939442877,255.92399999999998,280.5243015813773,231.32369841862266
2020-11-13,002216,232.42,227.94,235.38,224.34,117493,331257776.0,4.73,-2.26,-5.28,2.08,239.57199999999997,245.17200000000003,253.648,267.088,29.522752497225298,-8.019859733221779,-5.528741170956263,-2.491118562265516,253.648,279.791611154745,227.504388845255
2020-11-16,002216,229.06,228.1,231.38,222.98,94045,262591145.0,3.69,0.07,0.16,1.66,234.612,243.452,251.544,266.50666666666666,31.271878646441053,-8.821114850062827,-6.187215906777576,-2.633898943285251,251.544,278.8335849807401,224.2544150192599
2020-11-17,002216,228.02,220.26,228.1,218.66,112497,306941408.0,4.14,-3.44,-7.84,1.99,230.484,240.852,248.76,265.81466666666665,28.786251342642288,-9.973766410550127,-6.944526007532087,-3.02924040301804,248.76,276.91721876217605,220.60278123782393
2020-11-18,002216,221.3,222.82,228.1,221.3,89154,246947218.0,3.09,1.16,2.56,1.58,226.468,238.1,245.952,264.82666666666665,24.573378839590447,-10.558963315085151,-7.6674134690427,-2.8915498460424516,245.952,272.5795501175596,219.32444988244038
2020-11-19,002216,224.5,223.78,225.54,219.46,47277,129969576.0,2.73,0.43,0.96,0.84,224.58,234.692,243.648,263.6,29.343629343629345,-10.820539655503381,-8.298038706334836,-2.5225009491685455,243.648,269.5291547777832,217.76684522221674
2020-11-20,002216,223.86,224.82,226.58,222.82,49727,137744967.0,1.68,0.46,1.04,0.88,223.956,231.76399999999998,242.132,262.56266666666664,32.655826558265574,-10.819204427563193,-8.802271850580507,-2.0169325769826862,242.132,268.7211735783372,215.54282642166285
2020-11-23,002216,224.82,223.7,226.02,220.74,49774,136733848.0,2.35,-0.5,-1.12,0.88,223.07600000000002,228.844,240.44400000000002,261.0586666666667,30.94594594594595,-10.784207261199072,-9.19865893270422,-1.585548328494852,240.44400000000002,267.22175541868955,213.6662445813105
2020-11-24,002216,222.82,219.78,222.9,218.98,64592,175334016.0,1.75,-1.75,-3.92,1.14,222.98000000000002,226.73199999999997,238.74399999999997,259.30533333333335,24.119241192411934,-10.946597432723536,-9.548246632708084,-1.3983508000154519,238.74399999999997,266.26368053670143,211.2243194632985
2020-11-25,002216,219.78,211.62,220.58,210.98,85872,226143890.0,4.37,-3.71,-8.16,1.52,220.74,223.60399999999998,236.73200000000003,257.89733333333334,11.260053619302951,-11.600018821436691,-9.958601070453806,-1.6414177509828853,236.73200000000003,266.0399831768537,207.42401682314636
2020-11-26,002216,212.26,209.38,214.98,206.98,64077,165727746.0,3.78,-1.06,-2.24,1.13,217.85999999999999,221.21999999999997,234.272,256.73466666666667,11.554332874828063,-12.158454167905035,-10.398571689944053,-1.759882477960982,234.272,264.11303398801203,204.43096601198795
2020-11-27,002216,209.54,208.98,213.78,206.5,71032,183574570.0,3.48,-0.19,-0.4,1.26,214.692,219.32399999999998,232.248,255.45200000000003,11.71548117154812,-12.489325688153372,-10.816722489585917,-1.6726031985674545,232.248,263.22130980053646,201.27469019946355
2020-11-30,002216,209.46,210.42,212.18,204.26,116492,299023104.0,3.79,0.69,1.44,2.06,212.036,217.55599999999998,230.504,254.04800000000003,17.435897435897417,-12.491355218967271,-11.151649035462189,-1.3397061835050827,230.504,262.29995896204105,198.70804103795894
2020-12-01,002216,209.14,223.38,224.58,208.42,152076,410650368.0,7.68,6.16,12.96,2.69,212.756,217.868,229.35999999999999,252.968,33.10249307479225,-11.316747526938656,-11.184668733757483,-0.13207879318117222,229.35999999999999,260.4066352105143,198.31336478948566
2020-12-02,002216,224.34,220.1,227.86,217.54,100431,274567280.0,4.62,-1.47,-3.28,1.78,214.452,217.596,227.848,251.91333333333333,37.227414330218075,-10.529157483019503,-11.053566483609888,0.524409000590385,227.848,257.5069694252588,198.18903057474128
2020-12-03,002216,218.1,220.74,222.9,214.02,80777,217032671.0,4.03,0.29,0.64,1.43,216.72400000000002,217.292,225.99200000000002,250.928,42.29452054794522,-9.741055226581153,-10.791064232204143,1.0500090056229894,225.99200000000002,252.1866861626153,199.79731383738473
2020-12-04,002216,219.62,222.9,225.7,218.66,103765,285324288.0,3.19,0.98,2.16,1.84,219.50799999999998,217.1,224.43200000000002,250.01333333333332,44.66338259441709,-8.840279325080132,-10.400907250779342,1.56062792569921,224.43200000000002,247.05055931007044,201.8134406899296
2020-12-07,002216,223.62,225.06,227.78,223.22,79291,220633496.0,2.05,0.97,2.16,1.4,222.43599999999998,217.23599999999996,223.03999999999996,249.264,55.57620817843867,-7.86149160367529,-9.893024121358533,2.0315325176832424,223.03999999999996,241.28575163241007,204.79424836758986
2020-12-08,002216,224.26,225.3,225.62,221.22,58939,162455158.0,1.96,0.11,0.24,1.04,222.82000000000002,217.788,222.26,248.79733333333334,53.045186640471535,-6.9859001797407245,-9.311599333034971,2.325699153294247,222.26,238.51630501164382,206.00369498835616
2020-12-09,002216,225.7,221.62,229.06,219.94,59110,163073185.0,4.05,-1.63,-3.68,1.05,223.12400000000002,218.788,221.19599999999997,248.2133333333333,47.51381215469614,-6.513845358370418,-8.752048538102061,2.2382031797316433,221.19599999999997,234.23059752472614,208.1614024752738
2020-12-10,002216,220.82,220.58,222.82,216.66,45523,123553433.0,2.78,-0.47,-1.04,0.81,223.092,219.908,220.56400000000002,247.80533333333335,45.119705340699845,-6.152732944380915,-8.232185419357833,2.079452474976918,220.56400000000002,232.30545046182067,208.82254953817937
2020-12-11,002216,220.66,222.5,222.98,218.02,57503,156744813.0,2.25,0.87,1.92,1.02,223.012,221.26,220.292,247.45733333333334,48.64376130198916,-5.646531104994494,-7.715054556485166,2.0685234514906714,220.292,231.55634449234066,209.02765550765935
2020-12-14,002216,225.38,227.38,227.7,219.38,75666,209960423.0,3.74,2.19,4.88,1.34,223.47600000000003,222.956,220.256,247.06933333333333,58.40707964601769,-4.796298540176139,-7.131303353223361,2.335004813047222,220.256,231.4194259974266,209.0925740025734
2020-12-15,002216,226.9,231.62,232.34,222.26,106215,300206336.0,4.43,1.86,4.24,1.88,224.74,223.78000000000003,220.824,246.74000000000004,74.22480620155036,-3.737269624262325,-6.452496607431154,2.7152269831688294,220.824,233.08985229943679,208.55814770056324
2020-12-16,002216,230.58,234.74,236.58,228.34,110152,315820544.0,3.56,1.35,3.12,1.95,227.36399999999998,225.244,221.42000000000002,246.45466666666667,80.07590132827323,-2.6160672585263,-5.685210737650184,3.069143479123884,221.42000000000002,235.1635887445371,207.67641125546294
2020-12-17,002216,232.18,226.98,235.78,223.54,123178,348903392.0,5.21,-3.31,-7.76,2.18,228.644,225.86800000000002,221.57999999999998,246.10266666666666,68.17447495961227,-2.3268509633367955,-5.013538782787507,2.686687819450712,221.57999999999998,235.5124807931915,207.64751920680848
2020-12-18,002216,222.98,213.7,223.78,212.58,143865,383724432.0,4.93,-5.85,-13.28,2.54,226.88400000000001,224.948,221.02399999999997,245.70133333333334,52.672750977835726,-3.1331133991474474,-4.637453706059496,1.5043403069120487,221.02399999999997,235.29547084220889,206.75252915779106
2020-12-21,002216,211.7,210.98,215.22,208.18,130312,337328000.0,3.29,-1.27,-2.72,2.31,223.60399999999998,223.54000000000002,220.388,244.86266666666668,37.8716744913928,-3.946075553709676,-4.499178075589532,0.5531025218798558,220.388,235.27767653672979,205.49832346327022
2020-12-22,002216,210.02,210.74,213.86,206.58,83790,216641725.0,3.45,-0.11,-0.24,1.48,219.42800000000003,222.084,219.936,243.832,40.26622296173046,-4.557187491857178,-4.510779958843061,-0.04640753301411671,219.936,235.4395811143246,204.43241888567542
2020-12-23,002216,207.78,204.74,209.78,199.86,136790,344028128.0,4.71,-2.85,-6.0,2.42,213.42800000000003,220.39600000000002,219.59199999999996,242.60533333333333,35.02994011976047,-5.46267761443022,-4.701159489960493,-0.7615181244697267,219.59199999999996,236.1424696705504,203.0415303294495
2020-12-24,002216,202.98,199.78,203.3,195.7,100992,247492901.0,3.71,-2.42,-4.96,1.79,207.988,218.31599999999997,219.11200000000002,241.3426666666667,29.445234708392604,-6.5055239769654065,-5.0620323873614765,-1.44349158960393,219.11200000000002,237.3774872714412,200.84651272855885
2020-12-25,002216,198.98,201.38,204.42,196.42,63212,157453423.0,4.0,0.8,1.6,1.12,205.52399999999997,216.204,218.73200000000003,240.236,28.735632183908038,-7.120796494883706,-5.473785208865923,-1.6470112860177828,218.73200000000003,238.16399488635125,199.3000051136488
2020-12-28,002216,201.62,193.14,202.58,192.34,98218,237925201.0,5.08,-4.09,-8.24,1.74,201.956,212.77999999999997,217.868,238.97866666666667,24.748743718592934,-8.179020872228449,-6.014832341538429,-2.16418853069002,217.868,240.17939770091613,195.55660229908386
2020-12-29,002216,193.38,199.94,201.94,192.82,137188,335341984.0,4.72,3.52,6.8,2.43,199.796,209.612,216.696,237.85333333333335,33.77245508982037,-8.37245568784354,-6.486357010799452,-1.8860986770440888,216.696,240.2180034950486,193.1739965049514
2020-12-30,002216,198.02,202.02,203.78,196.26,79494,197196145.0,3.76,1.04,2.08,1.41,199.252,206.34,215.792,236.45066666666668,36.320754716981135,-8.262668655201821,-6.8416193396799265,-1.4210493155218948,215.792,240.1384274694737,191.4455725305263
2020-12-31,002216,202.1,210.58,210.58,202.1,112084,286648160.0,4.2,4.24,8.56,1.98,201.412,204.7,215.28400000000002,235.27466666666666,41.99785177228787,-7.399642704782224,-6.953224012700387,-0.4464186920818367,215.28400000000002,239.61970683930198,190.94829316069806
